image_id,image_path,label,mask_path,split,source,protected
authentic_0002af997ecdfcf4,authentic/0002af997ecdfcf4.jpg,0,,test,authentic,False
authentic_001ec67e5cbcca49,authentic/001ec67e5cbcca49.jpg,0,,train,authentic,False
authentic_0025f55cd14a317f,authentic/0025f55cd14a317f.jpg,0,,val,authentic,False
authentic_0046c554d88fd64c,authentic/0046c554d88fd64c.jpg,0,,train,authentic,False
authentic_004ac779f9e48b13,authentic/004ac779f9e48b13.jpg,0,,val,authentic,False
authentic_005488266cea9a1c,authentic/005488266cea9a1c.jpg,0,,train,authentic,False
authentic_00623315ed358ffb,authentic/00623315ed358ffb.jpg,0,,train,authentic,False
authentic_00861f99f6e306bb,authentic/00861f99f6e306bb.jpg,0,,train,authentic,False
authentic_008f749ba53d3c2d,authentic/008f749ba53d3c2d.jpg,0,,test,authentic,False
authentic_009afead12387135,authentic/009afead12387135.jpg,0,,val,authentic,False
authentic_00a20986a3abbd4c,authentic/00a20986a3abbd4c.jpg,0,,train,authentic,False
authentic_00e95ac2b01b68bd,authentic/00e95ac2b01b68bd.jpg,0,,train,authentic,False
authentic_00f44a518c6bace6,authentic/00f44a518c6bace6.jpg,0,,train,authentic,False
authentic_00f4de8a765ff5c9,authentic/00f4de8a765ff5c9.jpg,0,,test,authentic,False
authentic_00f7c842aed37e79,authentic/00f7c842aed37e79.jpg,0,,train,authentic,False
authentic_01273541d336929e,authentic/01273541d336929e.jpg,0,,train,authentic,False
authentic_012c137ae597329e,authentic/012c137ae597329e.jpg,0,,val,authentic,False
authentic_01319a4c71e952a6,authentic/01319a4c71e952a6.jpg,0,,train,authentic,False
authentic_013b758ee1792132,authentic/013b758ee1792132.jpg,0,,test,authentic,False
authentic_013cc0ed61095164,authentic/013cc0ed61095164.jpg,0,,train,authentic,False
authentic_01a916bfaa3a7427,authentic/01a916bfaa3a7427.jpg,0,,train,authentic,False
authentic_01ae80324f71027b,authentic/01ae80324f71027b.jpg,0,,train,authentic,False
authentic_01cd5f2b8663d152,authentic/01cd5f2b8663d152.jpg,0,,test,authentic,False
authentic_01ea859fc00fd3e7,authentic/01ea859fc00fd3e7.jpg,0,,train,authentic,False
authentic_01f244145a5b4f00,authentic/01f244145a5b4f00.jpg,0,,train,authentic,False
authentic_029ba4870447a902,authentic/029ba4870447a902.jpg,0,,train,authentic,False
authentic_02a657b3b00696a0,authentic/02a657b3b00696a0.jpg,0,,train,authentic,False
authentic_02e90051cc66e2b4,authentic/02e90051cc66e2b4.jpg,0,,train,authentic,False
authentic_031ea84f7a2ffb81,authentic/031ea84f7a2ffb81.jpg,0,,train,authentic,False
authentic_03502e41c728a108,authentic/03502e41c728a108.jpg,0,,train,authentic,False
authentic_039fc4c212aae2bf,authentic/039fc4c212aae2bf.jpg,0,,train,authentic,False
authentic_03d0b1177fc3fbd5,authentic/03d0b1177fc3fbd5.jpg,0,,train,authentic,False
authentic_03f108d8b8f574e9,authentic/03f108d8b8f574e9.jpg,0,,train,authentic,False
authentic_042c06edf9674d89,authentic/042c06edf9674d89.jpg,0,,test,authentic,False
authentic_045699b222cae844,authentic/045699b222cae844.jpg,0,,test,authentic,False
authentic_0457db9b010167c0,authentic/0457db9b010167c0.jpg,0,,test,authentic,False
authentic_04a09397d1bc7459,authentic/04a09397d1bc7459.jpg,0,,train,authentic,False
authentic_04fa4cef4324e44e,authentic/04fa4cef4324e44e.jpg,0,,train,authentic,False
authentic_051752bcdf6275db,authentic/051752bcdf6275db.jpg,0,,train,authentic,False
authentic_055c409f9d279e1c,authentic/055c409f9d279e1c.jpg,0,,val,authentic,False
authentic_0594c93c744a233f,authentic/0594c93c744a233f.jpg,0,,train,authentic,False
authentic_05a68b41e87e90fc,authentic/05a68b41e87e90fc.jpg,0,,train,authentic,False
authentic_0606f87623b6ff66,authentic/0606f87623b6ff66.jpg,0,,val,authentic,False
authentic_060e2bf3eefc4469,authentic/060e2bf3eefc4469.jpg,0,,train,authentic,False
authentic_06433d68031b134b,authentic/06433d68031b134b.jpg,0,,train,authentic,False
authentic_06440c5ded5763c0,authentic/06440c5ded5763c0.jpg,0,,train,authentic,False
authentic_06461e414a9d69e2,authentic/06461e414a9d69e2.jpg,0,,train,authentic,False
authentic_066229be9130bb03,authentic/066229be9130bb03.jpg,0,,train,authentic,False
authentic_068f8848fc313d1c,authentic/068f8848fc313d1c.jpg,0,,train,authentic,False
authentic_06918334782027eb,authentic/06918334782027eb.jpg,0,,train,authentic,False
authentic_06a49a893e742cbb,authentic/06a49a893e742cbb.jpg,0,,train,authentic,False
authentic_06cd325a6b6faa08,authentic/06cd325a6b6faa08.jpg,0,,test,authentic,False
authentic_06d6c0e7caa54b65,authentic/06d6c0e7caa54b65.jpg,0,,train,authentic,False
authentic_06e5e4bc39fced90,authentic/06e5e4bc39fced90.jpg,0,,train,authentic,False
authentic_06edbee4df5a729c,authentic/06edbee4df5a729c.jpg,0,,train,authentic,False
authentic_07293cdeec0801ef,authentic/07293cdeec0801ef.jpg,0,,train,authentic,False
authentic_07465a808ae51f9f,authentic/07465a808ae51f9f.jpg,0,,train,authentic,False
authentic_075150483b97e9e5,authentic/075150483b97e9e5.jpg,0,,val,authentic,False
authentic_0753a0db10bd2852,authentic/0753a0db10bd2852.jpg,0,,test,authentic,False
authentic_076cd2ffd07f139c,authentic/076cd2ffd07f139c.jpg,0,,train,authentic,False
authentic_07927471ed180fbc,authentic/07927471ed180fbc.jpg,0,,train,authentic,False
authentic_07a61ea16bcd527b,authentic/07a61ea16bcd527b.jpg,0,,train,authentic,False
authentic_07a64f3c217a6a5d,authentic/07a64f3c217a6a5d.jpg,0,,train,authentic,False
authentic_07b204736134802e,authentic/07b204736134802e.jpg,0,,train,authentic,False
authentic_07c4c14d0b894f77,authentic/07c4c14d0b894f77.jpg,0,,train,authentic,False
authentic_085103532bf4f342,authentic/085103532bf4f342.jpg,0,,train,authentic,False
authentic_08f247d33b3602f5,authentic/08f247d33b3602f5.jpg,0,,test,authentic,False
authentic_090ea170b58453f8,authentic/090ea170b58453f8.jpg,0,,train,authentic,False
authentic_092919952b5cee75,authentic/092919952b5cee75.jpg,0,,train,authentic,False
authentic_09e3e8ca8de44bd7,authentic/09e3e8ca8de44bd7.jpg,0,,train,authentic,False
authentic_0ab73717cd9cee60,authentic/0ab73717cd9cee60.jpg,0,,train,authentic,False
authentic_0ac53dd590612f9f,authentic/0ac53dd590612f9f.jpg,0,,train,authentic,False
authentic_0aed0e968064127a,authentic/0aed0e968064127a.jpg,0,,train,authentic,False
authentic_0aef3877ab50ea1a,authentic/0aef3877ab50ea1a.jpg,0,,train,authentic,False
authentic_0b212f01231d8814,authentic/0b212f01231d8814.jpg,0,,train,authentic,False
authentic_0b856bf4b58c328c,authentic/0b856bf4b58c328c.jpg,0,,train,authentic,False
authentic_0ba3eaae376272ba,authentic/0ba3eaae376272ba.jpg,0,,train,authentic,False
authentic_0bcf255eadbdfe65,authentic/0bcf255eadbdfe65.jpg,0,,train,authentic,False
authentic_0be4b3b12d2ad5be,authentic/0be4b3b12d2ad5be.jpg,0,,train,authentic,False
authentic_0c3bf807bf45ed75,authentic/0c3bf807bf45ed75.jpg,0,,train,authentic,False
authentic_0c97a9625ff85207,authentic/0c97a9625ff85207.jpg,0,,test,authentic,False
authentic_0d688597894682b0,authentic/0d688597894682b0.jpg,0,,train,authentic,False
authentic_0d96f8f8d6a6e66b,authentic/0d96f8f8d6a6e66b.jpg,0,,train,authentic,False
authentic_0ddc528dc6576bfe,authentic/0ddc528dc6576bfe.jpg,0,,train,authentic,False
authentic_0e1f4d7f039c8fab,authentic/0e1f4d7f039c8fab.jpg,0,,train,authentic,False
authentic_0e30c2208e279482,authentic/0e30c2208e279482.jpg,0,,train,authentic,False
authentic_0ed30c1252c1f5e5,authentic/0ed30c1252c1f5e5.jpg,0,,train,authentic,False
authentic_0f073817ca337212,authentic/0f073817ca337212.jpg,0,,train,authentic,False
authentic_0f178d70dc9ca282,authentic/0f178d70dc9ca282.jpg,0,,train,authentic,False
authentic_0f3de3e5b6d73022,authentic/0f3de3e5b6d73022.jpg,0,,train,authentic,False
authentic_0f581a2fd02de7c0,authentic/0f581a2fd02de7c0.jpg,0,,train,authentic,False
authentic_1002da5c2352a13b,authentic/1002da5c2352a13b.jpg,0,,test,authentic,False
authentic_101c490f433875bd,authentic/101c490f433875bd.jpg,0,,train,authentic,False
authentic_10446bb1fcf89e00,authentic/10446bb1fcf89e00.jpg,0,,train,authentic,False
authentic_10a07dd733daaca6,authentic/10a07dd733daaca6.jpg,0,,train,authentic,False
authentic_10a439ac4fa4a7bd,authentic/10a439ac4fa4a7bd.jpg,0,,train,authentic,False
authentic_10b9f5522b794ff3,authentic/10b9f5522b794ff3.jpg,0,,train,authentic,False
authentic_10c3d6758f96f09c,authentic/10c3d6758f96f09c.jpg,0,,train,authentic,False
authentic_10e0b0d034603ec8,authentic/10e0b0d034603ec8.jpg,0,,train,authentic,False
authentic_1148194fc8a8331c,authentic/1148194fc8a8331c.jpg,0,,train,authentic,False
authentic_11a1debe76d82955,authentic/11a1debe76d82955.jpg,0,,train,authentic,False
authentic_11e9bc4a835bbabc,authentic/11e9bc4a835bbabc.jpg,0,,train,authentic,False
authentic_121863f4da7ded0c,authentic/121863f4da7ded0c.jpg,0,,val,authentic,False
authentic_1232d33ab4cfd19f,authentic/1232d33ab4cfd19f.jpg,0,,test,authentic,False
authentic_130927bc28a7c6a4,authentic/130927bc28a7c6a4.jpg,0,,train,authentic,False
authentic_138a31fa5b788048,authentic/138a31fa5b788048.jpg,0,,train,authentic,False
authentic_13f2d8577c7a63b7,authentic/13f2d8577c7a63b7.jpg,0,,train,authentic,False
authentic_1410688a03e62549,authentic/1410688a03e62549.jpg,0,,train,authentic,False
authentic_1434c8180787d0c7,authentic/1434c8180787d0c7.jpg,0,,train,authentic,False
authentic_149ef1924a05ed63,authentic/149ef1924a05ed63.jpg,0,,train,authentic,False
authentic_151f05148ceb1ba2,authentic/151f05148ceb1ba2.jpg,0,,val,authentic,False
authentic_156165303fc48706,authentic/156165303fc48706.jpg,0,,val,authentic,False
authentic_15c980c91a96c872,authentic/15c980c91a96c872.jpg,0,,train,authentic,False
authentic_15dbe58a5fc86079,authentic/15dbe58a5fc86079.jpg,0,,train,authentic,False
authentic_15f0665c76f1d280,authentic/15f0665c76f1d280.jpg,0,,train,authentic,False
authentic_16447defbaafc3c6,authentic/16447defbaafc3c6.jpg,0,,train,authentic,False
authentic_168bb6117a7f7845,authentic/168bb6117a7f7845.jpg,0,,test,authentic,False
authentic_16d805c6dd47100b,authentic/16d805c6dd47100b.jpg,0,,train,authentic,False
authentic_16df1e29541e32a9,authentic/16df1e29541e32a9.jpg,0,,test,authentic,False
authentic_16fb3e3656ccd46f,authentic/16fb3e3656ccd46f.jpg,0,,train,authentic,False
authentic_170651fb47d9f090,authentic/170651fb47d9f090.jpg,0,,train,authentic,False
authentic_1706c70c0576fc2f,authentic/1706c70c0576fc2f.jpg,0,,train,authentic,False
authentic_173aa95158acfd1a,authentic/173aa95158acfd1a.jpg,0,,train,authentic,False
authentic_173b49f12ef8a55e,authentic/173b49f12ef8a55e.jpg,0,,val,authentic,False
authentic_175b4657ff9d9c38,authentic/175b4657ff9d9c38.jpg,0,,train,authentic,False
authentic_1809498c59b4a52b,authentic/1809498c59b4a52b.jpg,0,,train,authentic,False
authentic_18226f02a235542f,authentic/18226f02a235542f.jpg,0,,train,authentic,False
authentic_183ba5e0d1d44549,authentic/183ba5e0d1d44549.jpg,0,,test,authentic,False
authentic_1850e7c734379910,authentic/1850e7c734379910.jpg,0,,train,authentic,False
authentic_18b52be464b90986,authentic/18b52be464b90986.jpg,0,,train,authentic,False
authentic_18bc5848f0700935,authentic/18bc5848f0700935.jpg,0,,train,authentic,False
authentic_190f461499965cac,authentic/190f461499965cac.jpg,0,,train,authentic,False
authentic_1960f7d4f6c144fd,authentic/1960f7d4f6c144fd.jpg,0,,train,authentic,False
authentic_19b1e9ca95149143,authentic/19b1e9ca95149143.jpg,0,,train,authentic,False
authentic_19f245a076603b77,authentic/19f245a076603b77.jpg,0,,train,authentic,False
authentic_1a584cca5272b23c,authentic/1a584cca5272b23c.jpg,0,,train,authentic,False
authentic_1a58fd771bf0327b,authentic/1a58fd771bf0327b.jpg,0,,val,authentic,False
authentic_1abcdfbac9a6e229,authentic/1abcdfbac9a6e229.jpg,0,,train,authentic,False
authentic_1af719ca7dc88e51,authentic/1af719ca7dc88e51.jpg,0,,val,authentic,False
authentic_1b3ce4761114f87a,authentic/1b3ce4761114f87a.jpg,0,,val,authentic,False
authentic_1c442b1407195461,authentic/1c442b1407195461.jpg,0,,train,authentic,False
authentic_1c542167b9cf456a,authentic/1c542167b9cf456a.jpg,0,,train,authentic,False
authentic_1c7669a18d10e2ae,authentic/1c7669a18d10e2ae.jpg,0,,train,authentic,False
authentic_1ca1389cddaab1b6,authentic/1ca1389cddaab1b6.jpg,0,,val,authentic,False
authentic_1cb8609a025f171d,authentic/1cb8609a025f171d.jpg,0,,test,authentic,False
authentic_1cdfba9d26de9fd8,authentic/1cdfba9d26de9fd8.jpg,0,,train,authentic,False
authentic_1d35fa6c00d89a7a,authentic/1d35fa6c00d89a7a.jpg,0,,train,authentic,False
authentic_1d4a6ec76859fa5e,authentic/1d4a6ec76859fa5e.jpg,0,,train,authentic,False
authentic_1d953b8abaa882de,authentic/1d953b8abaa882de.jpg,0,,train,authentic,False
authentic_1d95b6b3644b2de4,authentic/1d95b6b3644b2de4.jpg,0,,train,authentic,False
authentic_1dfe3b0d01480596,authentic/1dfe3b0d01480596.jpg,0,,train,authentic,False
authentic_1e07ebb99d473196,authentic/1e07ebb99d473196.jpg,0,,train,authentic,False
authentic_1e090badb23a8965,authentic/1e090badb23a8965.jpg,0,,train,authentic,False
authentic_1e25d25e48c91200,authentic/1e25d25e48c91200.jpg,0,,train,authentic,False
authentic_1e4917d0a0d25022,authentic/1e4917d0a0d25022.jpg,0,,train,authentic,False
authentic_1ea4f37df1fec981,authentic/1ea4f37df1fec981.jpg,0,,train,authentic,False
authentic_1f33970927ca02f1,authentic/1f33970927ca02f1.jpg,0,,train,authentic,False
authentic_1f490c742c2731b3,authentic/1f490c742c2731b3.jpg,0,,train,authentic,False
authentic_1ff6c484a79f984a,authentic/1ff6c484a79f984a.jpg,0,,train,authentic,False
authentic_200561b407403108,authentic/200561b407403108.jpg,0,,train,authentic,False
authentic_201fd336b2abfcce,authentic/201fd336b2abfcce.jpg,0,,train,authentic,False
authentic_203135074964ea76,authentic/203135074964ea76.jpg,0,,train,authentic,False
authentic_2040f85d43b5cfd4,authentic/2040f85d43b5cfd4.jpg,0,,train,authentic,False
authentic_205e606aa4d09ac1,authentic/205e606aa4d09ac1.jpg,0,,train,authentic,False
authentic_2062ce2936db79a7,authentic/2062ce2936db79a7.jpg,0,,train,authentic,False
authentic_2067e005fa8bc4a5,authentic/2067e005fa8bc4a5.jpg,0,,train,authentic,False
authentic_20840089dba9f250,authentic/20840089dba9f250.jpg,0,,train,authentic,False
authentic_21126df5f5e41703,authentic/21126df5f5e41703.jpg,0,,train,authentic,False
authentic_2126d4dcd99949ec,authentic/2126d4dcd99949ec.jpg,0,,train,authentic,False
authentic_21379d15d57591a4,authentic/21379d15d57591a4.jpg,0,,train,authentic,False
authentic_214af643e72c7814,authentic/214af643e72c7814.jpg,0,,train,authentic,False
authentic_21b46b93b71d901d,authentic/21b46b93b71d901d.jpg,0,,train,authentic,False
authentic_21d4e927419c4b59,authentic/21d4e927419c4b59.jpg,0,,train,authentic,False
authentic_21e7ededc432b179,authentic/21e7ededc432b179.jpg,0,,train,authentic,False
authentic_225c972a6d090b4a,authentic/225c972a6d090b4a.jpg,0,,train,authentic,False
authentic_22ab5d1c3f3ceb24,authentic/22ab5d1c3f3ceb24.jpg,0,,train,authentic,False
authentic_22de2a79b1263ff5,authentic/22de2a79b1263ff5.jpg,0,,val,authentic,False
authentic_2329b3991f1ae401,authentic/2329b3991f1ae401.jpg,0,,train,authentic,False
authentic_2373053c57bba255,authentic/2373053c57bba255.jpg,0,,train,authentic,False
authentic_237ffcb99b2681b7,authentic/237ffcb99b2681b7.jpg,0,,train,authentic,False
authentic_23aac5ffc2b4a0e2,authentic/23aac5ffc2b4a0e2.jpg,0,,train,authentic,False
authentic_247037a0023bebd9,authentic/247037a0023bebd9.jpg,0,,train,authentic,False
authentic_2527357d685b8b4b,authentic/2527357d685b8b4b.jpg,0,,train,authentic,False
authentic_26018a67c0ba1e27,authentic/26018a67c0ba1e27.jpg,0,,test,authentic,False
authentic_2606d73c49eb785c,authentic/2606d73c49eb785c.jpg,0,,train,authentic,False
authentic_266ea98277e23471,authentic/266ea98277e23471.jpg,0,,train,authentic,False
authentic_26a743ca686fb20e,authentic/26a743ca686fb20e.jpg,0,,train,authentic,False
authentic_271aa3c6f83e139e,authentic/271aa3c6f83e139e.jpg,0,,train,authentic,False
authentic_278d6a12990c5dbe,authentic/278d6a12990c5dbe.jpg,0,,train,authentic,False
authentic_27b4e99bc7f456d2,authentic/27b4e99bc7f456d2.jpg,0,,train,authentic,False
authentic_27dcfabd78266fd3,authentic/27dcfabd78266fd3.jpg,0,,train,authentic,False
authentic_289bde9095f096d0,authentic/289bde9095f096d0.jpg,0,,train,authentic,False
authentic_28dc0e022b765ae9,authentic/28dc0e022b765ae9.jpg,0,,train,authentic,False
authentic_293e3b4be1e06887,authentic/293e3b4be1e06887.jpg,0,,train,authentic,False
authentic_295bb857a6c5de83,authentic/295bb857a6c5de83.jpg,0,,train,authentic,False
authentic_298c1b060f6898d7,authentic/298c1b060f6898d7.jpg,0,,test,authentic,False
authentic_29a2045f4abdc139,authentic/29a2045f4abdc139.jpg,0,,train,authentic,False
authentic_2a0abd3ae25d6a6b,authentic/2a0abd3ae25d6a6b.jpg,0,,test,authentic,False
authentic_2a4d5d0f4cf49c54,authentic/2a4d5d0f4cf49c54.jpg,0,,val,authentic,False
authentic_2a5cd67fd6193675,authentic/2a5cd67fd6193675.jpg,0,,val,authentic,False
authentic_2a638f50cd4b17da,authentic/2a638f50cd4b17da.jpg,0,,train,authentic,False
authentic_2aa0c514f81b1cb8,authentic/2aa0c514f81b1cb8.jpg,0,,train,authentic,False
authentic_2aa3fcf60023299f,authentic/2aa3fcf60023299f.jpg,0,,val,authentic,False
authentic_2ab334ba6607df26,authentic/2ab334ba6607df26.jpg,0,,train,authentic,False
authentic_2b1a60180cbaa043,authentic/2b1a60180cbaa043.jpg,0,,train,authentic,False
authentic_2b314f878e455f38,authentic/2b314f878e455f38.jpg,0,,train,authentic,False
authentic_2beeba7302aa2dcc,authentic/2beeba7302aa2dcc.jpg,0,,train,authentic,False
authentic_2bf16ed414e8b336,authentic/2bf16ed414e8b336.jpg,0,,train,authentic,False
authentic_2c3470e05e1d3faf,authentic/2c3470e05e1d3faf.jpg,0,,val,authentic,False
authentic_2c675b7a27c2d650,authentic/2c675b7a27c2d650.jpg,0,,train,authentic,False
authentic_2c9c9687fee79ecd,authentic/2c9c9687fee79ecd.jpg,0,,train,authentic,False
authentic_2ca303e31e06c47f,authentic/2ca303e31e06c47f.jpg,0,,val,authentic,False
authentic_2cb6ea1c99c28afc,authentic/2cb6ea1c99c28afc.jpg,0,,val,authentic,False
authentic_2d035808c195aa1a,authentic/2d035808c195aa1a.jpg,0,,train,authentic,False
authentic_2d309823ca60873a,authentic/2d309823ca60873a.jpg,0,,train,authentic,False
authentic_2d4f71ea80021f6f,authentic/2d4f71ea80021f6f.jpg,0,,train,authentic,False
authentic_2d5191f99d1700e8,authentic/2d5191f99d1700e8.jpg,0,,test,authentic,False
authentic_2d7863eb985ca795,authentic/2d7863eb985ca795.jpg,0,,train,authentic,False
authentic_2d9003451fd68d03,authentic/2d9003451fd68d03.jpg,0,,train,authentic,False
authentic_2e106b11f54be46e,authentic/2e106b11f54be46e.jpg,0,,train,authentic,False
authentic_2e377276296e29c6,authentic/2e377276296e29c6.jpg,0,,train,authentic,False
authentic_2e3e0dc3f93bb1d2,authentic/2e3e0dc3f93bb1d2.jpg,0,,train,authentic,False
authentic_2e9a42698abd0a1b,authentic/2e9a42698abd0a1b.jpg,0,,train,authentic,False
authentic_2ebd0d24d03088a6,authentic/2ebd0d24d03088a6.jpg,0,,train,authentic,False
authentic_2f439596a1029f64,authentic/2f439596a1029f64.jpg,0,,train,authentic,False
authentic_2f490dcba9f6e44e,authentic/2f490dcba9f6e44e.jpg,0,,test,authentic,False
authentic_2f57d44daac42e92,authentic/2f57d44daac42e92.jpg,0,,train,authentic,False
authentic_2f584878b77d6677,authentic/2f584878b77d6677.jpg,0,,train,authentic,False
authentic_2f60d459565fc8a8,authentic/2f60d459565fc8a8.jpg,0,,test,authentic,False
authentic_2ffdc27ac8ba929d,authentic/2ffdc27ac8ba929d.jpg,0,,train,authentic,False
authentic_305077ce6b5d0b98,authentic/305077ce6b5d0b98.jpg,0,,train,authentic,False
authentic_30529c2b8e716d25,authentic/30529c2b8e716d25.jpg,0,,train,authentic,False
authentic_30571f3a032b1e50,authentic/30571f3a032b1e50.jpg,0,,train,authentic,False
authentic_3059b3cc8f9f5bf0,authentic/3059b3cc8f9f5bf0.jpg,0,,train,authentic,False
authentic_3084aa19fb9d2972,authentic/3084aa19fb9d2972.jpg,0,,train,authentic,False
authentic_3090cfca4c500d91,authentic/3090cfca4c500d91.jpg,0,,train,authentic,False
authentic_30cd227746822724,authentic/30cd227746822724.jpg,0,,train,authentic,False
authentic_30e167061b6dd834,authentic/30e167061b6dd834.jpg,0,,train,authentic,False
authentic_30ff8be759ce8d0e,authentic/30ff8be759ce8d0e.jpg,0,,train,authentic,False
authentic_310becdc0dd2c3e6,authentic/310becdc0dd2c3e6.jpg,0,,train,authentic,False
authentic_318500cb5801f69f,authentic/318500cb5801f69f.jpg,0,,test,authentic,False
authentic_31b6d6c573f8a734,authentic/31b6d6c573f8a734.jpg,0,,train,authentic,False
authentic_31fef2325edff37f,authentic/31fef2325edff37f.jpg,0,,train,authentic,False
authentic_3247cf7ce75a2587,authentic/3247cf7ce75a2587.jpg,0,,val,authentic,False
authentic_324c96b637ce4d6d,authentic/324c96b637ce4d6d.jpg,0,,test,authentic,False
authentic_32bcdcfe14a0f1c5,authentic/32bcdcfe14a0f1c5.jpg,0,,test,authentic,False
authentic_32e23095c3fa5266,authentic/32e23095c3fa5266.jpg,0,,val,authentic,False
authentic_33031257255d064c,authentic/33031257255d064c.jpg,0,,train,authentic,False
authentic_3396296c4044cc2e,authentic/3396296c4044cc2e.jpg,0,,train,authentic,False
authentic_33d59ae94395db69,authentic/33d59ae94395db69.jpg,0,,train,authentic,False
authentic_33ebb82ece913642,authentic/33ebb82ece913642.jpg,0,,val,authentic,False
authentic_33f4cb2943116269,authentic/33f4cb2943116269.jpg,0,,train,authentic,False
authentic_349e2edd53fb0609,authentic/349e2edd53fb0609.jpg,0,,train,authentic,False
authentic_35086c261d363bfa,authentic/35086c261d363bfa.jpg,0,,train,authentic,False
authentic_350dd5255ddf2238,authentic/350dd5255ddf2238.jpg,0,,test,authentic,False
authentic_35239b08c500bbd6,authentic/35239b08c500bbd6.jpg,0,,train,authentic,False
authentic_3592bf3eba1067da,authentic/3592bf3eba1067da.jpg,0,,test,authentic,False
authentic_35a7c50d3df26114,authentic/35a7c50d3df26114.jpg,0,,train,authentic,False
authentic_35edc04fa94dc7f3,authentic/35edc04fa94dc7f3.jpg,0,,test,authentic,False
authentic_363dc6a5dc0a98ef,authentic/363dc6a5dc0a98ef.jpg,0,,train,authentic,False
authentic_366c55773028612b,authentic/366c55773028612b.jpg,0,,train,authentic,False
authentic_3681a41969165cbd,authentic/3681a41969165cbd.jpg,0,,train,authentic,False
authentic_368eb1e2877af08d,authentic/368eb1e2877af08d.jpg,0,,train,authentic,False
authentic_372f9bc243d57f68,authentic/372f9bc243d57f68.jpg,0,,train,authentic,False
authentic_38853cda36ea778a,authentic/38853cda36ea778a.jpg,0,,train,authentic,False
authentic_38877796dfa742ce,authentic/38877796dfa742ce.jpg,0,,train,authentic,False
authentic_38ec672bc7a5bb3b,authentic/38ec672bc7a5bb3b.jpg,0,,train,authentic,False
authentic_3923db8a7684ea06,authentic/3923db8a7684ea06.jpg,0,,train,authentic,False
authentic_3987518f31ac1b5c,authentic/3987518f31ac1b5c.jpg,0,,train,authentic,False
authentic_3a0459247071874b,authentic/3a0459247071874b.jpg,0,,train,authentic,False
authentic_3a43e48205045cdd,authentic/3a43e48205045cdd.jpg,0,,test,authentic,False
authentic_3a7a6a70b1297a73,authentic/3a7a6a70b1297a73.jpg,0,,train,authentic,False
authentic_3acf8db1c71f32a7,authentic/3acf8db1c71f32a7.jpg,0,,test,authentic,False
authentic_3adf68ae6e226a74,authentic/3adf68ae6e226a74.jpg,0,,train,authentic,False
authentic_3b127697f105b565,authentic/3b127697f105b565.jpg,0,,train,authentic,False
authentic_3b57b6ff450a0538,authentic/3b57b6ff450a0538.jpg,0,,train,authentic,False
authentic_3b5a021a07087fe9,authentic/3b5a021a07087fe9.jpg,0,,val,authentic,False
authentic_3b9dfa30479cc46c,authentic/3b9dfa30479cc46c.jpg,0,,train,authentic,False
authentic_3ba7a948d5beed7c,authentic/3ba7a948d5beed7c.jpg,0,,train,authentic,False
authentic_3c9b82384cabfa4b,authentic/3c9b82384cabfa4b.jpg,0,,val,authentic,False
authentic_3cf0d0dae1f5e826,authentic/3cf0d0dae1f5e826.jpg,0,,train,authentic,False
authentic_3e3cafab3bd16cf5,authentic/3e3cafab3bd16cf5.jpg,0,,train,authentic,False
authentic_3e496983d7526766,authentic/3e496983d7526766.jpg,0,,val,authentic,False
authentic_3edb6823db4d0cdb,authentic/3edb6823db4d0cdb.jpg,0,,val,authentic,False
authentic_3f1f7988d2152951,authentic/3f1f7988d2152951.jpg,0,,test,authentic,False
authentic_3f215a6d7940717c,authentic/3f215a6d7940717c.jpg,0,,train,authentic,False
authentic_3f351b186ed2da20,authentic/3f351b186ed2da20.jpg,0,,train,authentic,False
authentic_3f5a850c4ff6a308,authentic/3f5a850c4ff6a308.jpg,0,,train,authentic,False
authentic_3f668f838d152aad,authentic/3f668f838d152aad.jpg,0,,train,authentic,False
authentic_3fb4e92fd323a7e0,authentic/3fb4e92fd323a7e0.jpg,0,,train,authentic,False
authentic_3fc5e5a7643a3db2,authentic/3fc5e5a7643a3db2.jpg,0,,test,authentic,False
authentic_3ff4491f9a9fe864,authentic/3ff4491f9a9fe864.jpg,0,,train,authentic,False
authentic_4024aa4c83fa68c1,authentic/4024aa4c83fa68c1.jpg,0,,train,authentic,False
authentic_402c72ad6963b0a7,authentic/402c72ad6963b0a7.jpg,0,,train,authentic,False
authentic_40769bb9ce21ba58,authentic/40769bb9ce21ba58.jpg,0,,val,authentic,False
authentic_40a45862edc2ae97,authentic/40a45862edc2ae97.jpg,0,,train,authentic,False
authentic_40bd9eb642c98c16,authentic/40bd9eb642c98c16.jpg,0,,train,authentic,False
authentic_40be2616efe07244,authentic/40be2616efe07244.jpg,0,,train,authentic,False
authentic_40c65f92012b1252,authentic/40c65f92012b1252.jpg,0,,val,authentic,False
authentic_40cebe73017fa1bc,authentic/40cebe73017fa1bc.jpg,0,,train,authentic,False
authentic_41409c66ba6acc74,authentic/41409c66ba6acc74.jpg,0,,train,authentic,False
authentic_419ab8ed2370d257,authentic/419ab8ed2370d257.jpg,0,,train,authentic,False
authentic_41c86261b5e77ce9,authentic/41c86261b5e77ce9.jpg,0,,train,authentic,False
authentic_41cbe88bd8156ba8,authentic/41cbe88bd8156ba8.jpg,0,,train,authentic,False
authentic_4267489181306850,authentic/4267489181306850.jpg,0,,train,authentic,False
authentic_42e072f1e9968af9,authentic/42e072f1e9968af9.jpg,0,,train,authentic,False
authentic_43004f198cc9e1d7,authentic/43004f198cc9e1d7.jpg,0,,test,authentic,False
authentic_43c59cbea9e0e352,authentic/43c59cbea9e0e352.jpg,0,,train,authentic,False
authentic_43e8f84c132404bc,authentic/43e8f84c132404bc.jpg,0,,train,authentic,False
authentic_43f0f3836fee5b97,authentic/43f0f3836fee5b97.jpg,0,,train,authentic,False
authentic_44383fd40db5bb88,authentic/44383fd40db5bb88.jpg,0,,train,authentic,False
authentic_44507ac5a5e54959,authentic/44507ac5a5e54959.jpg,0,,train,authentic,False
authentic_45bf90d73fbdab43,authentic/45bf90d73fbdab43.jpg,0,,train,authentic,False
authentic_45c95dd525c5a994,authentic/45c95dd525c5a994.jpg,0,,train,authentic,False
authentic_461fdc2fc332d6dd,authentic/461fdc2fc332d6dd.jpg,0,,val,authentic,False
authentic_462597947ecd9381,authentic/462597947ecd9381.jpg,0,,val,authentic,False
authentic_46357535107a5915,authentic/46357535107a5915.jpg,0,,train,authentic,False
authentic_46cd4ac479329730,authentic/46cd4ac479329730.jpg,0,,train,authentic,False
authentic_471f07c9441127aa,authentic/471f07c9441127aa.jpg,0,,train,authentic,False
authentic_47450a46584921e6,authentic/47450a46584921e6.jpg,0,,val,authentic,False
authentic_475c2e8f9eaef607,authentic/475c2e8f9eaef607.jpg,0,,train,authentic,False
authentic_47644706921578b0,authentic/47644706921578b0.jpg,0,,train,authentic,False
authentic_47b2b0005dbabcbe,authentic/47b2b0005dbabcbe.jpg,0,,test,authentic,False
authentic_47c5e47dadca666b,authentic/47c5e47dadca666b.jpg,0,,train,authentic,False
authentic_4838520e74c1d0af,authentic/4838520e74c1d0af.jpg,0,,train,authentic,False
authentic_48bc6d39e6587949,authentic/48bc6d39e6587949.jpg,0,,train,authentic,False
authentic_490ac7e2b220e065,authentic/490ac7e2b220e065.jpg,0,,train,authentic,False
authentic_492ca381670ff8be,authentic/492ca381670ff8be.jpg,0,,train,authentic,False
authentic_49b132849fd36dce,authentic/49b132849fd36dce.jpg,0,,train,authentic,False
authentic_49c0ed9f768a9a6c,authentic/49c0ed9f768a9a6c.jpg,0,,train,authentic,False
authentic_49c10ce55acd1ad8,authentic/49c10ce55acd1ad8.jpg,0,,val,authentic,False
authentic_49f5bd2cb367637d,authentic/49f5bd2cb367637d.jpg,0,,train,authentic,False
authentic_49fa38586752896d,authentic/49fa38586752896d.jpg,0,,test,authentic,False
authentic_4a4d866075e5eb58,authentic/4a4d866075e5eb58.jpg,0,,train,authentic,False
authentic_4acd3b55aa540341,authentic/4acd3b55aa540341.jpg,0,,train,authentic,False
authentic_4af3cb23dec38930,authentic/4af3cb23dec38930.jpg,0,,train,authentic,False
authentic_4b1ed572cd5e0764,authentic/4b1ed572cd5e0764.jpg,0,,train,authentic,False
authentic_4b2e3c0cb030ef14,authentic/4b2e3c0cb030ef14.jpg,0,,test,authentic,False
authentic_4b80d277b1097aec,authentic/4b80d277b1097aec.jpg,0,,train,authentic,False
authentic_4bbabd146776c1a3,authentic/4bbabd146776c1a3.jpg,0,,train,authentic,False
authentic_4bf94ba3d5867cea,authentic/4bf94ba3d5867cea.jpg,0,,train,authentic,False
authentic_4c0c3fbadc704881,authentic/4c0c3fbadc704881.jpg,0,,val,authentic,False
authentic_4c29d0cef1dbafcf,authentic/4c29d0cef1dbafcf.jpg,0,,train,authentic,False
authentic_4c646d51fe453317,authentic/4c646d51fe453317.jpg,0,,train,authentic,False
authentic_4cdfae3748b04e69,authentic/4cdfae3748b04e69.jpg,0,,train,authentic,False
authentic_4d15b0fb85aa2dbd,authentic/4d15b0fb85aa2dbd.jpg,0,,train,authentic,False
authentic_4ddd420508ce076b,authentic/4ddd420508ce076b.jpg,0,,val,authentic,False
authentic_4deeaa877e02cb43,authentic/4deeaa877e02cb43.jpg,0,,train,authentic,False
authentic_4e577f086977e58e,authentic/4e577f086977e58e.jpg,0,,train,authentic,False
authentic_4edbefd3bc6f79ab,authentic/4edbefd3bc6f79ab.jpg,0,,train,authentic,False
authentic_4ef6c70c8c345cf0,authentic/4ef6c70c8c345cf0.jpg,0,,test,authentic,False
authentic_4f57ef00809e3534,authentic/4f57ef00809e3534.jpg,0,,train,authentic,False
authentic_4f9e4ab37f1e7c9f,authentic/4f9e4ab37f1e7c9f.jpg,0,,train,authentic,False
authentic_5082c3e81ffe360a,authentic/5082c3e81ffe360a.jpg,0,,train,authentic,False
authentic_508af48d2c4e8078,authentic/508af48d2c4e8078.jpg,0,,train,authentic,False
authentic_50e0ed74e4058e61,authentic/50e0ed74e4058e61.jpg,0,,train,authentic,False
authentic_50ed147f9d704449,authentic/50ed147f9d704449.jpg,0,,val,authentic,False
authentic_50f8499718cc67de,authentic/50f8499718cc67de.jpg,0,,val,authentic,False
authentic_516e02c15df206e5,authentic/516e02c15df206e5.jpg,0,,train,authentic,False
authentic_518989a1ae9a6748,authentic/518989a1ae9a6748.jpg,0,,train,authentic,False
authentic_52ca3a4871fb1585,authentic/52ca3a4871fb1585.jpg,0,,train,authentic,False
authentic_52f2c8e322128d2d,authentic/52f2c8e322128d2d.jpg,0,,train,authentic,False
authentic_533fe1327dec9737,authentic/533fe1327dec9737.jpg,0,,train,authentic,False
authentic_5355bb6ed63c3413,authentic/5355bb6ed63c3413.jpg,0,,train,authentic,False
authentic_539387db0919673a,authentic/539387db0919673a.jpg,0,,train,authentic,False
authentic_53d4c2f1425b9f1a,authentic/53d4c2f1425b9f1a.jpg,0,,train,authentic,False
authentic_540fbdcd83cbb804,authentic/540fbdcd83cbb804.jpg,0,,val,authentic,False
authentic_5438c4ffef84ea15,authentic/5438c4ffef84ea15.jpg,0,,train,authentic,False
authentic_54641f83273599ea,authentic/54641f83273599ea.jpg,0,,train,authentic,False
authentic_5490c9f9a09ffa65,authentic/5490c9f9a09ffa65.jpg,0,,test,authentic,False
authentic_54aa8fef5640d1a5,authentic/54aa8fef5640d1a5.jpg,0,,val,authentic,False
authentic_54c7aefb9f9cce1b,authentic/54c7aefb9f9cce1b.jpg,0,,train,authentic,False
authentic_55177ce86d3a69bd,authentic/55177ce86d3a69bd.jpg,0,,val,authentic,False
authentic_55b2a81c1b77805b,authentic/55b2a81c1b77805b.jpg,0,,train,authentic,False
authentic_55c0b36f7d63d7e5,authentic/55c0b36f7d63d7e5.jpg,0,,train,authentic,False
authentic_55df57775f4260cb,authentic/55df57775f4260cb.jpg,0,,train,authentic,False
authentic_562106459664ce41,authentic/562106459664ce41.jpg,0,,test,authentic,False
authentic_5639244d169c1f79,authentic/5639244d169c1f79.jpg,0,,train,authentic,False
authentic_566bdf9c83d06d17,authentic/566bdf9c83d06d17.jpg,0,,val,authentic,False
authentic_5693488cd9cdb949,authentic/5693488cd9cdb949.jpg,0,,val,authentic,False
authentic_56dbf71b5bcb70a8,authentic/56dbf71b5bcb70a8.jpg,0,,train,authentic,False
authentic_56f2efe02d88a3f4,authentic/56f2efe02d88a3f4.jpg,0,,train,authentic,False
authentic_5702fd8da63c7793,authentic/5702fd8da63c7793.jpg,0,,train,authentic,False
authentic_574e89c9380672b9,authentic/574e89c9380672b9.jpg,0,,train,authentic,False
authentic_57af318e4c423065,authentic/57af318e4c423065.jpg,0,,train,authentic,False
authentic_582b56a498e96397,authentic/582b56a498e96397.jpg,0,,train,authentic,False
authentic_58e89ffe08a5767e,authentic/58e89ffe08a5767e.jpg,0,,train,authentic,False
authentic_59169d23989f6da9,authentic/59169d23989f6da9.jpg,0,,val,authentic,False
authentic_5994ac0f8d255a30,authentic/5994ac0f8d255a30.jpg,0,,train,authentic,False
authentic_59e3a5366d25dada,authentic/59e3a5366d25dada.jpg,0,,train,authentic,False
authentic_5ad8878587469717,authentic/5ad8878587469717.jpg,0,,train,authentic,False
authentic_5af99e7d32dee433,authentic/5af99e7d32dee433.jpg,0,,train,authentic,False
authentic_5b609fbd750ce438,authentic/5b609fbd750ce438.jpg,0,,test,authentic,False
authentic_5b6c253faefc8437,authentic/5b6c253faefc8437.jpg,0,,train,authentic,False
authentic_5baf216f2e6d7d3c,authentic/5baf216f2e6d7d3c.jpg,0,,train,authentic,False
authentic_5bd91bc4598ca6b3,authentic/5bd91bc4598ca6b3.jpg,0,,train,authentic,False
authentic_5be577037cfe9248,authentic/5be577037cfe9248.jpg,0,,val,authentic,False
authentic_5c062613de8cdc96,authentic/5c062613de8cdc96.jpg,0,,train,authentic,False
authentic_5cf1239906044308,authentic/5cf1239906044308.jpg,0,,train,authentic,False
authentic_5d1df88cac68f93d,authentic/5d1df88cac68f93d.jpg,0,,train,authentic,False
authentic_5d23dead190893e1,authentic/5d23dead190893e1.jpg,0,,val,authentic,False
authentic_5d84ebdd003dd133,authentic/5d84ebdd003dd133.jpg,0,,train,authentic,False
authentic_5d8b41a569d3855e,authentic/5d8b41a569d3855e.jpg,0,,test,authentic,False
authentic_5dd926d7a164ef80,authentic/5dd926d7a164ef80.jpg,0,,train,authentic,False
authentic_5e7ed64f9971b5ed,authentic/5e7ed64f9971b5ed.jpg,0,,train,authentic,False
authentic_5f114270f656de74,authentic/5f114270f656de74.jpg,0,,train,authentic,False
authentic_5f2198404b63a3e8,authentic/5f2198404b63a3e8.jpg,0,,train,authentic,False
authentic_5f570db3d7ffdb93,authentic/5f570db3d7ffdb93.jpg,0,,train,authentic,False
authentic_5fb6e2a2181c65d6,authentic/5fb6e2a2181c65d6.jpg,0,,train,authentic,False
authentic_607647170f549c64,authentic/607647170f549c64.jpg,0,,train,authentic,False
authentic_609fa5554f72c92f,authentic/609fa5554f72c92f.jpg,0,,train,authentic,False
authentic_60b6c907a81cc91d,authentic/60b6c907a81cc91d.jpg,0,,train,authentic,False
authentic_60be24c584d04165,authentic/60be24c584d04165.jpg,0,,train,authentic,False
authentic_6129b9ddaebe632d,authentic/6129b9ddaebe632d.jpg,0,,train,authentic,False
authentic_6160acf2cf64ccd6,authentic/6160acf2cf64ccd6.jpg,0,,train,authentic,False
authentic_617d4f8ccda07319,authentic/617d4f8ccda07319.jpg,0,,train,authentic,False
authentic_61a2ccec16d97455,authentic/61a2ccec16d97455.jpg,0,,train,authentic,False
authentic_61aac294d7a0e424,authentic/61aac294d7a0e424.jpg,0,,train,authentic,False
authentic_61ed518804e7424c,authentic/61ed518804e7424c.jpg,0,,train,authentic,False
authentic_628060476817dc7a,authentic/628060476817dc7a.jpg,0,,test,authentic,False
authentic_6311703c002ed8b6,authentic/6311703c002ed8b6.jpg,0,,train,authentic,False
authentic_638342d7e5c4f826,authentic/638342d7e5c4f826.jpg,0,,train,authentic,False
authentic_6390d7d2baeeab25,authentic/6390d7d2baeeab25.jpg,0,,val,authentic,False
authentic_63a11e8b8ca5d00b,authentic/63a11e8b8ca5d00b.jpg,0,,train,authentic,False
authentic_63c0ef38fbf8d317,authentic/63c0ef38fbf8d317.jpg,0,,val,authentic,False
authentic_63e4a09f142bace6,authentic/63e4a09f142bace6.jpg,0,,train,authentic,False
authentic_64015c2c6a316bbc,authentic/64015c2c6a316bbc.jpg,0,,train,authentic,False
authentic_647e0bfcef93d806,authentic/647e0bfcef93d806.jpg,0,,train,authentic,False
authentic_64a9a8a71058e196,authentic/64a9a8a71058e196.jpg,0,,train,authentic,False
authentic_64d2914793d37b0f,authentic/64d2914793d37b0f.jpg,0,,test,authentic,False
authentic_656b5baea89e083d,authentic/656b5baea89e083d.jpg,0,,train,authentic,False
authentic_65b4bd78e5c0e1f8,authentic/65b4bd78e5c0e1f8.jpg,0,,train,authentic,False
authentic_669b5b94c1b6bb0e,authentic/669b5b94c1b6bb0e.jpg,0,,test,authentic,False
authentic_66c4ff817c9801cb,authentic/66c4ff817c9801cb.jpg,0,,train,authentic,False
authentic_66cc3ab1a916f962,authentic/66cc3ab1a916f962.jpg,0,,train,authentic,False
authentic_66d6c6950aa1be8f,authentic/66d6c6950aa1be8f.jpg,0,,train,authentic,False
authentic_66e2c1fefcc20632,authentic/66e2c1fefcc20632.jpg,0,,train,authentic,False
authentic_66f34cdf8726e52a,authentic/66f34cdf8726e52a.jpg,0,,val,authentic,False
authentic_66f42f25a50867a4,authentic/66f42f25a50867a4.jpg,0,,train,authentic,False
authentic_66f9e9fa5ec8aea9,authentic/66f9e9fa5ec8aea9.jpg,0,,train,authentic,False
authentic_6711c6a1524776a7,authentic/6711c6a1524776a7.jpg,0,,train,authentic,False
authentic_671b6249e8489daf,authentic/671b6249e8489daf.jpg,0,,train,authentic,False
authentic_680402ab3574b66f,authentic/680402ab3574b66f.jpg,0,,train,authentic,False
authentic_68286079deb5305e,authentic/68286079deb5305e.jpg,0,,train,authentic,False
authentic_685c6f80cb1858fe,authentic/685c6f80cb1858fe.jpg,0,,train,authentic,False
authentic_6869cd0b831c0196,authentic/6869cd0b831c0196.jpg,0,,test,authentic,False
authentic_68bb75bc8af1234e,authentic/68bb75bc8af1234e.jpg,0,,train,authentic,False
authentic_68d8107eb73e6b8b,authentic/68d8107eb73e6b8b.jpg,0,,train,authentic,False
authentic_68df2871554321c2,authentic/68df2871554321c2.jpg,0,,train,authentic,False
authentic_69004de5d643771b,authentic/69004de5d643771b.jpg,0,,train,authentic,False
authentic_69444a9ce643400e,authentic/69444a9ce643400e.jpg,0,,train,authentic,False
authentic_6948782f7f303105,authentic/6948782f7f303105.jpg,0,,test,authentic,False
authentic_69cdca515778e64e,authentic/69cdca515778e64e.jpg,0,,train,authentic,False
authentic_69eaf673c693aa48,authentic/69eaf673c693aa48.jpg,0,,train,authentic,False
authentic_6a385c81e252a0cb,authentic/6a385c81e252a0cb.jpg,0,,train,authentic,False
authentic_6a46daef9762eb82,authentic/6a46daef9762eb82.jpg,0,,train,authentic,False
authentic_6a54820467a965a0,authentic/6a54820467a965a0.jpg,0,,train,authentic,False
authentic_6a57bb1dddf5471f,authentic/6a57bb1dddf5471f.jpg,0,,test,authentic,False
authentic_6aaea3ee5b0c2f02,authentic/6aaea3ee5b0c2f02.jpg,0,,train,authentic,False
authentic_6af928f59de90a09,authentic/6af928f59de90a09.jpg,0,,train,authentic,False
authentic_6b146699ca90f347,authentic/6b146699ca90f347.jpg,0,,train,authentic,False
authentic_6b22be91d42ca51a,authentic/6b22be91d42ca51a.jpg,0,,train,authentic,False
authentic_6b294b1a8ae983f2,authentic/6b294b1a8ae983f2.jpg,0,,train,authentic,False
authentic_6bdbdb1681dcb465,authentic/6bdbdb1681dcb465.jpg,0,,train,authentic,False
authentic_6c03d988d073d6ea,authentic/6c03d988d073d6ea.jpg,0,,train,authentic,False
authentic_6c045224050545eb,authentic/6c045224050545eb.jpg,0,,train,authentic,False
authentic_6c1d2857cbd0d6d1,authentic/6c1d2857cbd0d6d1.jpg,0,,train,authentic,False
authentic_6c281888705841d8,authentic/6c281888705841d8.jpg,0,,train,authentic,False
authentic_6c3896cbba8f5665,authentic/6c3896cbba8f5665.jpg,0,,train,authentic,False
authentic_6c512f2593af25ad,authentic/6c512f2593af25ad.jpg,0,,train,authentic,False
authentic_6c6a0a63cebe2b1b,authentic/6c6a0a63cebe2b1b.jpg,0,,val,authentic,False
authentic_6c7d5b0c6e59d1d3,authentic/6c7d5b0c6e59d1d3.jpg,0,,train,authentic,False
authentic_6cf0d0b4217069bb,authentic/6cf0d0b4217069bb.jpg,0,,val,authentic,False
authentic_6d3f49acf856b18b,authentic/6d3f49acf856b18b.jpg,0,,train,authentic,False
authentic_6d5e7a8bd65d93f7,authentic/6d5e7a8bd65d93f7.jpg,0,,train,authentic,False
authentic_6d6e3fe7db0e5ccf,authentic/6d6e3fe7db0e5ccf.jpg,0,,train,authentic,False
authentic_6d9951ce1b9bd1b3,authentic/6d9951ce1b9bd1b3.jpg,0,,train,authentic,False
authentic_6dd1bc4ecf559a04,authentic/6dd1bc4ecf559a04.jpg,0,,train,authentic,False
authentic_6df49feab7c489eb,authentic/6df49feab7c489eb.jpg,0,,test,authentic,False
authentic_6e267d6241aa4411,authentic/6e267d6241aa4411.jpg,0,,train,authentic,False
authentic_6e7c8ef68a37e2da,authentic/6e7c8ef68a37e2da.jpg,0,,train,authentic,False
authentic_6eaf8cc56d66ed28,authentic/6eaf8cc56d66ed28.jpg,0,,train,authentic,False
authentic_6efb99d8f5300e28,authentic/6efb99d8f5300e28.jpg,0,,train,authentic,False
authentic_6f13e05950c0a147,authentic/6f13e05950c0a147.jpg,0,,train,authentic,False
authentic_6f2bd5e2f8674337,authentic/6f2bd5e2f8674337.jpg,0,,train,authentic,False
authentic_6f441ac992dafca5,authentic/6f441ac992dafca5.jpg,0,,train,authentic,False
authentic_6f4a1b8683aa1996,authentic/6f4a1b8683aa1996.jpg,0,,train,authentic,False
authentic_6fdeeed5eac44c7f,authentic/6fdeeed5eac44c7f.jpg,0,,train,authentic,False
authentic_70822e4e5f530288,authentic/70822e4e5f530288.jpg,0,,train,authentic,False
authentic_70afa8c8569c805c,authentic/70afa8c8569c805c.jpg,0,,val,authentic,False
authentic_70ba6e74cff0aef5,authentic/70ba6e74cff0aef5.jpg,0,,train,authentic,False
authentic_71582b363feef604,authentic/71582b363feef604.jpg,0,,train,authentic,False
authentic_720505b9a2d1e6a6,authentic/720505b9a2d1e6a6.jpg,0,,train,authentic,False
authentic_722b4becfbee56ea,authentic/722b4becfbee56ea.jpg,0,,train,authentic,False
authentic_7268430b50393ac1,authentic/7268430b50393ac1.jpg,0,,train,authentic,False
authentic_726e4623532e3328,authentic/726e4623532e3328.jpg,0,,train,authentic,False
authentic_72cffc5264f13ca8,authentic/72cffc5264f13ca8.jpg,0,,train,authentic,False
authentic_72d16d5381336fed,authentic/72d16d5381336fed.jpg,0,,train,authentic,False
authentic_72dd78ae69360de2,authentic/72dd78ae69360de2.jpg,0,,val,authentic,False
authentic_72ee3cd3d589e87a,authentic/72ee3cd3d589e87a.jpg,0,,train,authentic,False
authentic_72fb8bd96ca4741e,authentic/72fb8bd96ca4741e.jpg,0,,train,authentic,False
authentic_73611ff68b930f1f,authentic/73611ff68b930f1f.jpg,0,,train,authentic,False
authentic_73db227590d92779,authentic/73db227590d92779.jpg,0,,train,authentic,False
authentic_7436713e8b3b5034,authentic/7436713e8b3b5034.jpg,0,,train,authentic,False
authentic_746bddfa1b6a2d2f,authentic/746bddfa1b6a2d2f.jpg,0,,test,authentic,False
authentic_748bb5a3e2d2f320,authentic/748bb5a3e2d2f320.jpg,0,,train,authentic,False
authentic_7493a22f472ffb1a,authentic/7493a22f472ffb1a.jpg,0,,train,authentic,False
authentic_74bc41b5bf52903c,authentic/74bc41b5bf52903c.jpg,0,,test,authentic,False
authentic_750706bcce41e09c,authentic/750706bcce41e09c.jpg,0,,train,authentic,False
authentic_7533eba06ad72f92,authentic/7533eba06ad72f92.jpg,0,,train,authentic,False
authentic_75d3ba949002a71f,authentic/75d3ba949002a71f.jpg,0,,train,authentic,False
authentic_75f2108108cd138f,authentic/75f2108108cd138f.jpg,0,,test,authentic,False
authentic_7675fe3db15d8ef5,authentic/7675fe3db15d8ef5.jpg,0,,train,authentic,False
authentic_76db7350169bf20c,authentic/76db7350169bf20c.jpg,0,,train,authentic,False
authentic_7753ca0ed2628b43,authentic/7753ca0ed2628b43.jpg,0,,train,authentic,False
authentic_77704bc332fb8f6d,authentic/77704bc332fb8f6d.jpg,0,,test,authentic,False
authentic_7773554c8340f220,authentic/7773554c8340f220.jpg,0,,train,authentic,False
authentic_786ad8ef235effcb,authentic/786ad8ef235effcb.jpg,0,,test,authentic,False
authentic_78a8cfa6c2a99973,authentic/78a8cfa6c2a99973.jpg,0,,train,authentic,False
authentic_78ac61620cab7cb5,authentic/78ac61620cab7cb5.jpg,0,,train,authentic,False
authentic_790876ff17e01fa4,authentic/790876ff17e01fa4.jpg,0,,train,authentic,False
authentic_794ac847ba447f42,authentic/794ac847ba447f42.jpg,0,,train,authentic,False
authentic_796e57d49eb66b5b,authentic/796e57d49eb66b5b.jpg,0,,train,authentic,False
authentic_7989d9e694f6a052,authentic/7989d9e694f6a052.jpg,0,,train,authentic,False
authentic_79a243281651f9b5,authentic/79a243281651f9b5.jpg,0,,train,authentic,False
authentic_79bd1fffe381b25d,authentic/79bd1fffe381b25d.jpg,0,,train,authentic,False
authentic_79f1e20065169040,authentic/79f1e20065169040.jpg,0,,train,authentic,False
authentic_79f2156d8e55c05b,authentic/79f2156d8e55c05b.jpg,0,,test,authentic,False
authentic_7a194fedd14bf00e,authentic/7a194fedd14bf00e.jpg,0,,train,authentic,False
authentic_7a4a3df5c66607da,authentic/7a4a3df5c66607da.jpg,0,,train,authentic,False
authentic_7a760333b8759ab4,authentic/7a760333b8759ab4.jpg,0,,train,authentic,False
authentic_7ac2db5b28f665a7,authentic/7ac2db5b28f665a7.jpg,0,,train,authentic,False
authentic_7af183e4c8f1d098,authentic/7af183e4c8f1d098.jpg,0,,train,authentic,False
authentic_7b22a84656f4e89b,authentic/7b22a84656f4e89b.jpg,0,,train,authentic,False
authentic_7b2a94e354362fe1,authentic/7b2a94e354362fe1.jpg,0,,train,authentic,False
authentic_7bd909d5a09d56f1,authentic/7bd909d5a09d56f1.jpg,0,,train,authentic,False
authentic_7c2e1a4a33ad6f03,authentic/7c2e1a4a33ad6f03.jpg,0,,test,authentic,False
authentic_7c3ecdede60435f3,authentic/7c3ecdede60435f3.jpg,0,,train,authentic,False
authentic_7d11cb044071afe1,authentic/7d11cb044071afe1.jpg,0,,train,authentic,False
authentic_7d6cf33c427eb3f9,authentic/7d6cf33c427eb3f9.jpg,0,,train,authentic,False
authentic_7dd0fa488a095580,authentic/7dd0fa488a095580.jpg,0,,val,authentic,False
authentic_7e49cd62979fd985,authentic/7e49cd62979fd985.jpg,0,,train,authentic,False
authentic_7e67d01de8c594c1,authentic/7e67d01de8c594c1.jpg,0,,train,authentic,False
authentic_7e71cc4f40d96935,authentic/7e71cc4f40d96935.jpg,0,,test,authentic,False
authentic_7eb9a81b9f503358,authentic/7eb9a81b9f503358.jpg,0,,train,authentic,False
authentic_7ebcade632af2e60,authentic/7ebcade632af2e60.jpg,0,,val,authentic,False
authentic_7f14c9f7a075d322,authentic/7f14c9f7a075d322.jpg,0,,train,authentic,False
authentic_7f1ff21283d5e077,authentic/7f1ff21283d5e077.jpg,0,,test,authentic,False
authentic_7fd33ed26534d945,authentic/7fd33ed26534d945.jpg,0,,train,authentic,False
authentic_80437bb70bae76ed,authentic/80437bb70bae76ed.jpg,0,,train,authentic,False
authentic_80aebe6f83612c1c,authentic/80aebe6f83612c1c.jpg,0,,train,authentic,False
authentic_8188c09e4803f871,authentic/8188c09e4803f871.jpg,0,,train,authentic,False
authentic_8248cde3b8d76472,authentic/8248cde3b8d76472.jpg,0,,val,authentic,False
authentic_824dafcc529ea513,authentic/824dafcc529ea513.jpg,0,,test,authentic,False
authentic_8252b1f200c30416,authentic/8252b1f200c30416.jpg,0,,train,authentic,False
authentic_8258fe502665a468,authentic/8258fe502665a468.jpg,0,,train,authentic,False
authentic_827a4ff0a3cee709,authentic/827a4ff0a3cee709.jpg,0,,train,authentic,False
authentic_82c6313aa0ae4b12,authentic/82c6313aa0ae4b12.jpg,0,,train,authentic,False
authentic_82f006ddfa1e8d5c,authentic/82f006ddfa1e8d5c.jpg,0,,train,authentic,False
authentic_839ebb53b1d14973,authentic/839ebb53b1d14973.jpg,0,,train,authentic,False
authentic_84320f6007af6a60,authentic/84320f6007af6a60.jpg,0,,train,authentic,False
authentic_84463b8e90456546,authentic/84463b8e90456546.jpg,0,,train,authentic,False
authentic_845655880b81fa6e,authentic/845655880b81fa6e.jpg,0,,train,authentic,False
authentic_853833c346eb8d38,authentic/853833c346eb8d38.jpg,0,,train,authentic,False
authentic_85c8384d786534a2,authentic/85c8384d786534a2.jpg,0,,train,authentic,False
authentic_85dda4fa856784ca,authentic/85dda4fa856784ca.jpg,0,,train,authentic,False
authentic_8641e6dd161557dd,authentic/8641e6dd161557dd.jpg,0,,train,authentic,False
authentic_866eab99326d2b2f,authentic/866eab99326d2b2f.jpg,0,,train,authentic,False
authentic_873473beabe1279d,authentic/873473beabe1279d.jpg,0,,train,authentic,False
authentic_87bab391c4278ee3,authentic/87bab391c4278ee3.jpg,0,,train,authentic,False
authentic_87ecc19b11a83b0c,authentic/87ecc19b11a83b0c.jpg,0,,train,authentic,False
authentic_886ca62efcc6f42e,authentic/886ca62efcc6f42e.jpg,0,,val,authentic,False
authentic_889ff30b6a4edef2,authentic/889ff30b6a4edef2.jpg,0,,train,authentic,False
authentic_89724c8444386294,authentic/89724c8444386294.jpg,0,,train,authentic,False
authentic_89b1678523419b73,authentic/89b1678523419b73.jpg,0,,train,authentic,False
authentic_89e1aa144b3015f1,authentic/89e1aa144b3015f1.jpg,0,,train,authentic,False
authentic_8abd1eba467af0d1,authentic/8abd1eba467af0d1.jpg,0,,train,authentic,False
authentic_8adb7b50ef73bbce,authentic/8adb7b50ef73bbce.jpg,0,,train,authentic,False
authentic_8b5113ad363f5e90,authentic/8b5113ad363f5e90.jpg,0,,train,authentic,False
authentic_8bba3cf336ff2f56,authentic/8bba3cf336ff2f56.jpg,0,,train,authentic,False
authentic_8be122af6bbda951,authentic/8be122af6bbda951.jpg,0,,train,authentic,False
authentic_8bf58e112e729e94,authentic/8bf58e112e729e94.jpg,0,,train,authentic,False
authentic_8c463855b497554c,authentic/8c463855b497554c.jpg,0,,train,authentic,False
authentic_8c5cbe5f36814c44,authentic/8c5cbe5f36814c44.jpg,0,,train,authentic,False
authentic_8d0aae560ae5439e,authentic/8d0aae560ae5439e.jpg,0,,train,authentic,False
authentic_8d0f33327ca01cb0,authentic/8d0f33327ca01cb0.jpg,0,,train,authentic,False
authentic_8d108192a5986dd2,authentic/8d108192a5986dd2.jpg,0,,train,authentic,False
authentic_8d151844faf9e93a,authentic/8d151844faf9e93a.jpg,0,,test,authentic,False
authentic_8d87cd681f47a609,authentic/8d87cd681f47a609.jpg,0,,train,authentic,False
authentic_8daebe5c1b8c9dd2,authentic/8daebe5c1b8c9dd2.jpg,0,,train,authentic,False
authentic_8dc3cc321dea8a43,authentic/8dc3cc321dea8a43.jpg,0,,train,authentic,False
authentic_8de7802674a4e29a,authentic/8de7802674a4e29a.jpg,0,,train,authentic,False
authentic_8df3c1d77b25a80d,authentic/8df3c1d77b25a80d.jpg,0,,test,authentic,False
authentic_8e7db67fd7c82cc1,authentic/8e7db67fd7c82cc1.jpg,0,,train,authentic,False
authentic_8ed8f60e6c44b47a,authentic/8ed8f60e6c44b47a.jpg,0,,train,authentic,False
authentic_8eecbfbcc6f7f1fe,authentic/8eecbfbcc6f7f1fe.jpg,0,,train,authentic,False
authentic_8f6966934321901d,authentic/8f6966934321901d.jpg,0,,train,authentic,False
authentic_8fa0285c379e9a88,authentic/8fa0285c379e9a88.jpg,0,,train,authentic,False
authentic_8fa62630dc8cc395,authentic/8fa62630dc8cc395.jpg,0,,train,authentic,False
authentic_8fbdbf22252ca036,authentic/8fbdbf22252ca036.jpg,0,,train,authentic,False
authentic_90acfcff50a54cd6,authentic/90acfcff50a54cd6.jpg,0,,val,authentic,False
authentic_90c251c379748565,authentic/90c251c379748565.jpg,0,,train,authentic,False
authentic_90dddd0536dddcf1,authentic/90dddd0536dddcf1.jpg,0,,train,authentic,False
authentic_90df6a4cd9041525,authentic/90df6a4cd9041525.jpg,0,,train,authentic,False
authentic_910f33c8ecaa68be,authentic/910f33c8ecaa68be.jpg,0,,test,authentic,False
authentic_912b34fc0a3a06c8,authentic/912b34fc0a3a06c8.jpg,0,,train,authentic,False
authentic_9166bddef56875f4,authentic/9166bddef56875f4.jpg,0,,train,authentic,False
authentic_91d4a0c7e9d91f24,authentic/91d4a0c7e9d91f24.jpg,0,,train,authentic,False
authentic_91f7f54bbfee37f7,authentic/91f7f54bbfee37f7.jpg,0,,train,authentic,False
authentic_91fddff72e4dd09f,authentic/91fddff72e4dd09f.jpg,0,,train,authentic,False
authentic_92066b5d6da9fb47,authentic/92066b5d6da9fb47.jpg,0,,val,authentic,False
authentic_928b836ea59d2bd4,authentic/928b836ea59d2bd4.jpg,0,,val,authentic,False
authentic_930fcc55c5118146,authentic/930fcc55c5118146.jpg,0,,train,authentic,False
authentic_934de108f4b3d50d,authentic/934de108f4b3d50d.jpg,0,,test,authentic,False
authentic_93ab1db645aaaa74,authentic/93ab1db645aaaa74.jpg,0,,train,authentic,False
authentic_94696d4af7adb7ee,authentic/94696d4af7adb7ee.jpg,0,,train,authentic,False
authentic_94db6ae3fc4dc7b8,authentic/94db6ae3fc4dc7b8.jpg,0,,train,authentic,False
authentic_959dd4cff876d9ec,authentic/959dd4cff876d9ec.jpg,0,,train,authentic,False
authentic_95ff9cac37abd304,authentic/95ff9cac37abd304.jpg,0,,train,authentic,False
authentic_968a1989ef6f994e,authentic/968a1989ef6f994e.jpg,0,,train,authentic,False
authentic_96ec00e6247e77d1,authentic/96ec00e6247e77d1.jpg,0,,val,authentic,False
authentic_96ed431f08fbb76b,authentic/96ed431f08fbb76b.jpg,0,,train,authentic,False
authentic_96f07f7dde6a0a74,authentic/96f07f7dde6a0a74.jpg,0,,train,authentic,False
authentic_973937ae9dc6f760,authentic/973937ae9dc6f760.jpg,0,,train,authentic,False
authentic_9746b8d044151aee,authentic/9746b8d044151aee.jpg,0,,train,authentic,False
authentic_97a3c4fa324a346f,authentic/97a3c4fa324a346f.jpg,0,,train,authentic,False
authentic_97c735f24d1822c4,authentic/97c735f24d1822c4.jpg,0,,train,authentic,False
authentic_98515879e588486d,authentic/98515879e588486d.jpg,0,,test,authentic,False
authentic_987263c2f08062b6,authentic/987263c2f08062b6.jpg,0,,train,authentic,False
authentic_98a9828727aaac80,authentic/98a9828727aaac80.jpg,0,,train,authentic,False
authentic_98cbad3490fb89d3,authentic/98cbad3490fb89d3.jpg,0,,val,authentic,False
authentic_994bcaf628846785,authentic/994bcaf628846785.jpg,0,,train,authentic,False
authentic_99544ce9f28ce2bb,authentic/99544ce9f28ce2bb.jpg,0,,train,authentic,False
authentic_995efcbfc56ff9e3,authentic/995efcbfc56ff9e3.jpg,0,,train,authentic,False
authentic_997ec2b7b0b58f19,authentic/997ec2b7b0b58f19.jpg,0,,train,authentic,False
authentic_99e0d2175c5e8606,authentic/99e0d2175c5e8606.jpg,0,,val,authentic,False
authentic_9a7e6d993152a7fe,authentic/9a7e6d993152a7fe.jpg,0,,train,authentic,False
authentic_9aad0949d2faaf3b,authentic/9aad0949d2faaf3b.jpg,0,,train,authentic,False
authentic_9b128bbc11136800,authentic/9b128bbc11136800.jpg,0,,train,authentic,False
authentic_9b26094c6be4eb22,authentic/9b26094c6be4eb22.jpg,0,,train,authentic,False
authentic_9b582f203f590949,authentic/9b582f203f590949.jpg,0,,train,authentic,False
authentic_9b676e39b8ad03a6,authentic/9b676e39b8ad03a6.jpg,0,,train,authentic,False
authentic_9b7036d62a4ba7b5,authentic/9b7036d62a4ba7b5.jpg,0,,train,authentic,False
authentic_9ba9d24a56957237,authentic/9ba9d24a56957237.jpg,0,,train,authentic,False
authentic_9bc92fe825a6e285,authentic/9bc92fe825a6e285.jpg,0,,train,authentic,False
authentic_9c3bdaf68a63028f,authentic/9c3bdaf68a63028f.jpg,0,,train,authentic,False
authentic_9c597f93cb4e2ca8,authentic/9c597f93cb4e2ca8.jpg,0,,train,authentic,False
authentic_9c5cce1c8256de81,authentic/9c5cce1c8256de81.jpg,0,,train,authentic,False
authentic_9d6d66d4a4a1544c,authentic/9d6d66d4a4a1544c.jpg,0,,train,authentic,False
authentic_9d80550d3d81c36a,authentic/9d80550d3d81c36a.jpg,0,,train,authentic,False
authentic_9dcc08726fef0f1a,authentic/9dcc08726fef0f1a.jpg,0,,train,authentic,False
authentic_9e036bff24f8ca15,authentic/9e036bff24f8ca15.jpg,0,,val,authentic,False
authentic_9e0b3b5599acd697,authentic/9e0b3b5599acd697.jpg,0,,val,authentic,False
authentic_9eaa9aeb310c9b4c,authentic/9eaa9aeb310c9b4c.jpg,0,,train,authentic,False
authentic_9ee2ebadec94b88c,authentic/9ee2ebadec94b88c.jpg,0,,train,authentic,False
authentic_9f2c2560a72d603c,authentic/9f2c2560a72d603c.jpg,0,,train,authentic,False
authentic_9f707f5889cdac49,authentic/9f707f5889cdac49.jpg,0,,train,authentic,False
authentic_9f8b4757d16c40b1,authentic/9f8b4757d16c40b1.jpg,0,,train,authentic,False
authentic_a0f18be86a5b0f6d,authentic/a0f18be86a5b0f6d.jpg,0,,train,authentic,False
authentic_a0ff5c98a89731fc,authentic/a0ff5c98a89731fc.jpg,0,,train,authentic,False
authentic_a13757adb2b69f23,authentic/a13757adb2b69f23.jpg,0,,train,authentic,False
authentic_a1ac694f4fe5f41a,authentic/a1ac694f4fe5f41a.jpg,0,,train,authentic,False
authentic_a1b0c2246f256ccd,authentic/a1b0c2246f256ccd.jpg,0,,train,authentic,False
authentic_a1f9d49b24deea7f,authentic/a1f9d49b24deea7f.jpg,0,,train,authentic,False
authentic_a211771319e840aa,authentic/a211771319e840aa.jpg,0,,train,authentic,False
authentic_a284db745f20315f,authentic/a284db745f20315f.jpg,0,,val,authentic,False
authentic_a28c9076c9a13f5c,authentic/a28c9076c9a13f5c.jpg,0,,train,authentic,False
authentic_a380ddc62a8196aa,authentic/a380ddc62a8196aa.jpg,0,,train,authentic,False
authentic_a40f66a675305c53,authentic/a40f66a675305c53.jpg,0,,train,authentic,False
authentic_a412d315983b46ed,authentic/a412d315983b46ed.jpg,0,,train,authentic,False
authentic_a4b511ea0dff5ab7,authentic/a4b511ea0dff5ab7.jpg,0,,train,authentic,False
authentic_a5bc09a76dd9f966,authentic/a5bc09a76dd9f966.jpg,0,,test,authentic,False
authentic_a67d90953a0c0bca,authentic/a67d90953a0c0bca.jpg,0,,train,authentic,False
authentic_a71ded38d770bd48,authentic/a71ded38d770bd48.jpg,0,,val,authentic,False
authentic_a7213e5a87e34abd,authentic/a7213e5a87e34abd.jpg,0,,train,authentic,False
authentic_a74eeca9a3dabb4f,authentic/a74eeca9a3dabb4f.jpg,0,,test,authentic,False
authentic_a78cabf1074dbd5d,authentic/a78cabf1074dbd5d.jpg,0,,test,authentic,False
authentic_a7c2ac62105b67bd,authentic/a7c2ac62105b67bd.jpg,0,,train,authentic,False
authentic_a7ff159f3f05107f,authentic/a7ff159f3f05107f.jpg,0,,train,authentic,False
authentic_a800ac0637acbbe0,authentic/a800ac0637acbbe0.jpg,0,,train,authentic,False
authentic_a8dbf565bd1925ee,authentic/a8dbf565bd1925ee.jpg,0,,train,authentic,False
authentic_a8ea043f95f98e62,authentic/a8ea043f95f98e62.jpg,0,,train,authentic,False
authentic_a90ed0e452a329cf,authentic/a90ed0e452a329cf.jpg,0,,train,authentic,False
authentic_a93557a328b9efce,authentic/a93557a328b9efce.jpg,0,,train,authentic,False
authentic_a9562091c1f1fef4,authentic/a9562091c1f1fef4.jpg,0,,train,authentic,False
authentic_a9bd7e2468a796f9,authentic/a9bd7e2468a796f9.jpg,0,,train,authentic,False
authentic_a9ece428a21cfa65,authentic/a9ece428a21cfa65.jpg,0,,train,authentic,False
authentic_aa1d3e23aa00fc68,authentic/aa1d3e23aa00fc68.jpg,0,,train,authentic,False
authentic_aa267af12da2c919,authentic/aa267af12da2c919.jpg,0,,train,authentic,False
authentic_aa350bcf0f432411,authentic/aa350bcf0f432411.jpg,0,,train,authentic,False
authentic_aa39c0989df7627d,authentic/aa39c0989df7627d.jpg,0,,train,authentic,False
authentic_aa80c9a50c90338b,authentic/aa80c9a50c90338b.jpg,0,,train,authentic,False
authentic_aa9a2b3f5058e67f,authentic/aa9a2b3f5058e67f.jpg,0,,train,authentic,False
authentic_aabaa0908f3be41b,authentic/aabaa0908f3be41b.jpg,0,,test,authentic,False
authentic_aada107f62a8e618,authentic/aada107f62a8e618.jpg,0,,val,authentic,False
authentic_aaf84e70e1425e18,authentic/aaf84e70e1425e18.jpg,0,,train,authentic,False
authentic_ab4fe4a48a3b0673,authentic/ab4fe4a48a3b0673.jpg,0,,train,authentic,False
authentic_abd7db459393a524,authentic/abd7db459393a524.jpg,0,,val,authentic,False
authentic_abe0c97c28320091,authentic/abe0c97c28320091.jpg,0,,train,authentic,False
authentic_abe5b04fe8483fbc,authentic/abe5b04fe8483fbc.jpg,0,,train,authentic,False
authentic_ac3c5e4d42490ebc,authentic/ac3c5e4d42490ebc.jpg,0,,val,authentic,False
authentic_ac49362d08577b58,authentic/ac49362d08577b58.jpg,0,,train,authentic,False
authentic_acc2f3c8c8316478,authentic/acc2f3c8c8316478.jpg,0,,val,authentic,False
authentic_ace86c67ac23e219,authentic/ace86c67ac23e219.jpg,0,,train,authentic,False
authentic_ad0e94073bac01c9,authentic/ad0e94073bac01c9.jpg,0,,train,authentic,False
authentic_ad11947e0ea048b9,authentic/ad11947e0ea048b9.jpg,0,,train,authentic,False
authentic_ad48e1067e7d0cc3,authentic/ad48e1067e7d0cc3.jpg,0,,val,authentic,False
authentic_ad7077bef8e08cb7,authentic/ad7077bef8e08cb7.jpg,0,,train,authentic,False
authentic_adc39194d0668da7,authentic/adc39194d0668da7.jpg,0,,train,authentic,False
authentic_ae048ffe9d73e9cf,authentic/ae048ffe9d73e9cf.jpg,0,,train,authentic,False
authentic_ae1364782b3a872e,authentic/ae1364782b3a872e.jpg,0,,train,authentic,False
authentic_ae3a83ddabdacfff,authentic/ae3a83ddabdacfff.jpg,0,,test,authentic,False
authentic_ae6c5f9800a259b6,authentic/ae6c5f9800a259b6.jpg,0,,train,authentic,False
authentic_aea19f39d885bcd8,authentic/aea19f39d885bcd8.jpg,0,,train,authentic,False
authentic_af47633a0becafac,authentic/af47633a0becafac.jpg,0,,train,authentic,False
authentic_af7557a92643f1a7,authentic/af7557a92643f1a7.jpg,0,,train,authentic,False
authentic_b018bbe98aea637d,authentic/b018bbe98aea637d.jpg,0,,test,authentic,False
authentic_b0307c2827f28f11,authentic/b0307c2827f28f11.jpg,0,,train,authentic,False
authentic_b068ab316201fe0e,authentic/b068ab316201fe0e.jpg,0,,train,authentic,False
authentic_b09864fb311a60eb,authentic/b09864fb311a60eb.jpg,0,,test,authentic,False
authentic_b0987f3020816a28,authentic/b0987f3020816a28.jpg,0,,train,authentic,False
authentic_b0f37e6d69873ab8,authentic/b0f37e6d69873ab8.jpg,0,,train,authentic,False
authentic_b1760018a6f95fd2,authentic/b1760018a6f95fd2.jpg,0,,train,authentic,False
authentic_b1899488d9e47977,authentic/b1899488d9e47977.jpg,0,,test,authentic,False
authentic_b23f7d3a0525b57a,authentic/b23f7d3a0525b57a.jpg,0,,train,authentic,False
authentic_b24aa745e1636d69,authentic/b24aa745e1636d69.jpg,0,,test,authentic,False
authentic_b24d0b72bfc89548,authentic/b24d0b72bfc89548.jpg,0,,train,authentic,False
authentic_b28a4d0a3e142086,authentic/b28a4d0a3e142086.jpg,0,,train,authentic,False
authentic_b33fa937310d1dc2,authentic/b33fa937310d1dc2.jpg,0,,train,authentic,False
authentic_b35f1271e72cffa3,authentic/b35f1271e72cffa3.jpg,0,,val,authentic,False
authentic_b37d38f147a5860a,authentic/b37d38f147a5860a.jpg,0,,train,authentic,False
authentic_b3c75adbe8d3c948,authentic/b3c75adbe8d3c948.jpg,0,,train,authentic,False
authentic_b3cf30afccb27a80,authentic/b3cf30afccb27a80.jpg,0,,train,authentic,False
authentic_b430a110c6c5a435,authentic/b430a110c6c5a435.jpg,0,,train,authentic,False
authentic_b44ed19171c9990b,authentic/b44ed19171c9990b.jpg,0,,test,authentic,False
authentic_b486c95c3c6e7cc1,authentic/b486c95c3c6e7cc1.jpg,0,,train,authentic,False
authentic_b561a892402381d4,authentic/b561a892402381d4.jpg,0,,train,authentic,False
authentic_b56e2bc6fe59d06a,authentic/b56e2bc6fe59d06a.jpg,0,,train,authentic,False
authentic_b5906bc980a32332,authentic/b5906bc980a32332.jpg,0,,train,authentic,False
authentic_b593d857cdfe9d37,authentic/b593d857cdfe9d37.jpg,0,,train,authentic,False
authentic_b5affed8973b47cc,authentic/b5affed8973b47cc.jpg,0,,train,authentic,False
authentic_b5b2e278986e0a0f,authentic/b5b2e278986e0a0f.jpg,0,,val,authentic,False
authentic_b5b80681ca02aa66,authentic/b5b80681ca02aa66.jpg,0,,train,authentic,False
authentic_b5bccaef3057181c,authentic/b5bccaef3057181c.jpg,0,,train,authentic,False
authentic_b60b71a9d1c89cfb,authentic/b60b71a9d1c89cfb.jpg,0,,test,authentic,False
authentic_b60be2774712eae3,authentic/b60be2774712eae3.jpg,0,,train,authentic,False
authentic_b63b46c5e0587df9,authentic/b63b46c5e0587df9.jpg,0,,train,authentic,False
authentic_b66dbe301be9e4d4,authentic/b66dbe301be9e4d4.jpg,0,,train,authentic,False
authentic_b680eced9edcee52,authentic/b680eced9edcee52.jpg,0,,train,authentic,False
authentic_b6a48cfe117042f2,authentic/b6a48cfe117042f2.jpg,0,,train,authentic,False
authentic_b6d3fbc96899f368,authentic/b6d3fbc96899f368.jpg,0,,test,authentic,False
authentic_b6fa2d6771d24f68,authentic/b6fa2d6771d24f68.jpg,0,,val,authentic,False
authentic_b6ffd0ba216f4ec1,authentic/b6ffd0ba216f4ec1.jpg,0,,train,authentic,False
authentic_b78422f08008a501,authentic/b78422f08008a501.jpg,0,,train,authentic,False
authentic_b7955b6627b6f871,authentic/b7955b6627b6f871.jpg,0,,train,authentic,False
authentic_b79a45b61e9e52a6,authentic/b79a45b61e9e52a6.jpg,0,,train,authentic,False
authentic_b7a8fa398c81a799,authentic/b7a8fa398c81a799.jpg,0,,train,authentic,False
authentic_b7ccd88dc0725eb3,authentic/b7ccd88dc0725eb3.jpg,0,,train,authentic,False
authentic_b8bb6b8043b38b56,authentic/b8bb6b8043b38b56.jpg,0,,train,authentic,False
authentic_b8c0bdc7848d2bd4,authentic/b8c0bdc7848d2bd4.jpg,0,,train,authentic,False
authentic_b8de7d7993b31657,authentic/b8de7d7993b31657.jpg,0,,train,authentic,False
authentic_b8fe5a6ff6d32821,authentic/b8fe5a6ff6d32821.jpg,0,,train,authentic,False
authentic_b90e7d4589d8e7a3,authentic/b90e7d4589d8e7a3.jpg,0,,test,authentic,False
authentic_b90f9fe97932d08d,authentic/b90f9fe97932d08d.jpg,0,,train,authentic,False
authentic_b919ad89e2bb955c,authentic/b919ad89e2bb955c.jpg,0,,test,authentic,False
authentic_b950679a9645533d,authentic/b950679a9645533d.jpg,0,,train,authentic,False
authentic_b973e052dde95e63,authentic/b973e052dde95e63.jpg,0,,train,authentic,False
authentic_b9ea98a6e4a13cd9,authentic/b9ea98a6e4a13cd9.jpg,0,,train,authentic,False
authentic_b9faf2b818a9beb4,authentic/b9faf2b818a9beb4.jpg,0,,test,authentic,False
authentic_baa07e474bf0d043,authentic/baa07e474bf0d043.jpg,0,,test,authentic,False
authentic_bab3f32dd2fea0a4,authentic/bab3f32dd2fea0a4.jpg,0,,train,authentic,False
authentic_bad8267590d78eef,authentic/bad8267590d78eef.jpg,0,,train,authentic,False
authentic_bb274a767729e110,authentic/bb274a767729e110.jpg,0,,train,authentic,False
authentic_bb99222048731f54,authentic/bb99222048731f54.jpg,0,,test,authentic,False
authentic_bbae3f9b977af5ab,authentic/bbae3f9b977af5ab.jpg,0,,train,authentic,False
authentic_bbcfdbc8854a6511,authentic/bbcfdbc8854a6511.jpg,0,,val,authentic,False
authentic_bc9dfa5f65e94e4a,authentic/bc9dfa5f65e94e4a.jpg,0,,val,authentic,False
authentic_bcbb9521256309e9,authentic/bcbb9521256309e9.jpg,0,,train,authentic,False
authentic_bcf7a40e577a9714,authentic/bcf7a40e577a9714.jpg,0,,val,authentic,False
authentic_bd2b5b56537d9132,authentic/bd2b5b56537d9132.jpg,0,,train,authentic,False
authentic_bd4380f8f08c40e6,authentic/bd4380f8f08c40e6.jpg,0,,train,authentic,False
authentic_bd46da82a34eec7e,authentic/bd46da82a34eec7e.jpg,0,,train,authentic,False
authentic_bd47a3156fbeccc6,authentic/bd47a3156fbeccc6.jpg,0,,train,authentic,False
authentic_bd83bfcf7baa098c,authentic/bd83bfcf7baa098c.jpg,0,,train,authentic,False
authentic_bd88e7d58d795e29,authentic/bd88e7d58d795e29.jpg,0,,train,authentic,False
authentic_be1a90a64354aae5,authentic/be1a90a64354aae5.jpg,0,,train,authentic,False
authentic_be308ee69a6e392b,authentic/be308ee69a6e392b.jpg,0,,train,authentic,False
authentic_be50dea2b3275124,authentic/be50dea2b3275124.jpg,0,,train,authentic,False
authentic_be55fd6dfacc2433,authentic/be55fd6dfacc2433.jpg,0,,train,authentic,False
authentic_bec5525b110a981e,authentic/bec5525b110a981e.jpg,0,,train,authentic,False
authentic_bf7a5c063f449ab2,authentic/bf7a5c063f449ab2.jpg,0,,train,authentic,False
authentic_bfafdc0dcbcf34b4,authentic/bfafdc0dcbcf34b4.jpg,0,,test,authentic,False
authentic_bfbc65202d729722,authentic/bfbc65202d729722.jpg,0,,train,authentic,False
authentic_bfca4cba6727fd3e,authentic/bfca4cba6727fd3e.jpg,0,,test,authentic,False
authentic_bff6ee72a287b736,authentic/bff6ee72a287b736.jpg,0,,train,authentic,False
authentic_c03e51dd1dc38289,authentic/c03e51dd1dc38289.jpg,0,,train,authentic,False
authentic_c047871485078e36,authentic/c047871485078e36.jpg,0,,train,authentic,False
authentic_c0a8d7dbece7c123,authentic/c0a8d7dbece7c123.jpg,0,,train,authentic,False
authentic_c0ab852f24c4a1b8,authentic/c0ab852f24c4a1b8.jpg,0,,train,authentic,False
authentic_c11e4deaf9d83a5e,authentic/c11e4deaf9d83a5e.jpg,0,,test,authentic,False
authentic_c132179f357bccf7,authentic/c132179f357bccf7.jpg,0,,test,authentic,False
authentic_c1776bbf7e2197ce,authentic/c1776bbf7e2197ce.jpg,0,,train,authentic,False
authentic_c235745853f6df94,authentic/c235745853f6df94.jpg,0,,train,authentic,False
authentic_c2725445489ce90a,authentic/c2725445489ce90a.jpg,0,,train,authentic,False
authentic_c2907142ed849483,authentic/c2907142ed849483.jpg,0,,train,authentic,False
authentic_c29ce45925d05087,authentic/c29ce45925d05087.jpg,0,,train,authentic,False
authentic_c29df1a0dc8566d1,authentic/c29df1a0dc8566d1.jpg,0,,train,authentic,False
authentic_c2aa515dc1215dbf,authentic/c2aa515dc1215dbf.jpg,0,,train,authentic,False
authentic_c31c237ee74fc817,authentic/c31c237ee74fc817.jpg,0,,train,authentic,False
authentic_c3774d427d04dc51,authentic/c3774d427d04dc51.jpg,0,,train,authentic,False
authentic_c3a27e36b00670b4,authentic/c3a27e36b00670b4.jpg,0,,train,authentic,False
authentic_c408f8c3f55aa5a2,authentic/c408f8c3f55aa5a2.jpg,0,,train,authentic,False
authentic_c4a89092fa0fc4df,authentic/c4a89092fa0fc4df.jpg,0,,train,authentic,False
authentic_c4e7af7fc876994c,authentic/c4e7af7fc876994c.jpg,0,,train,authentic,False
authentic_c53154bf941dbd38,authentic/c53154bf941dbd38.jpg,0,,train,authentic,False
authentic_c548d798f9ce0a02,authentic/c548d798f9ce0a02.jpg,0,,train,authentic,False
authentic_c6da8f7178aff147,authentic/c6da8f7178aff147.jpg,0,,val,authentic,False
authentic_c776d8b78336b9e4,authentic/c776d8b78336b9e4.jpg,0,,train,authentic,False
authentic_c785b82e33292bf0,authentic/c785b82e33292bf0.jpg,0,,train,authentic,False
authentic_c7968fdf5e466574,authentic/c7968fdf5e466574.jpg,0,,val,authentic,False
authentic_c7b49c69724df015,authentic/c7b49c69724df015.jpg,0,,train,authentic,False
authentic_c7cb21a57c92e7be,authentic/c7cb21a57c92e7be.jpg,0,,train,authentic,False
authentic_c7eb0265cf5e593c,authentic/c7eb0265cf5e593c.jpg,0,,train,authentic,False
authentic_c8e12f0a9c6f4f0a,authentic/c8e12f0a9c6f4f0a.jpg,0,,train,authentic,False
authentic_c9dc371cfc311040,authentic/c9dc371cfc311040.jpg,0,,test,authentic,False
authentic_c9f1e56e13e18e69,authentic/c9f1e56e13e18e69.jpg,0,,train,authentic,False
authentic_c9ff41b55d98bf7c,authentic/c9ff41b55d98bf7c.jpg,0,,val,authentic,False
authentic_caf7138c16d7014f,authentic/caf7138c16d7014f.jpg,0,,val,authentic,False
authentic_cb0ac67c6e291b59,authentic/cb0ac67c6e291b59.jpg,0,,val,authentic,False
authentic_cb60e447d1b705be,authentic/cb60e447d1b705be.jpg,0,,val,authentic,False
authentic_cc6bb4d21fd0a6af,authentic/cc6bb4d21fd0a6af.jpg,0,,train,authentic,False
authentic_cc6edf7feedbfd70,authentic/cc6edf7feedbfd70.jpg,0,,train,authentic,False
authentic_cca6d5e2ef418719,authentic/cca6d5e2ef418719.jpg,0,,train,authentic,False
authentic_ccc2eaa8816e1ec3,authentic/ccc2eaa8816e1ec3.jpg,0,,val,authentic,False
authentic_ccc5e36fda0d6c73,authentic/ccc5e36fda0d6c73.jpg,0,,train,authentic,False
authentic_cd8559a27a3a7d36,authentic/cd8559a27a3a7d36.jpg,0,,train,authentic,False
authentic_cdb759534e553a48,authentic/cdb759534e553a48.jpg,0,,train,authentic,False
authentic_cddc352df6fb1fe8,authentic/cddc352df6fb1fe8.jpg,0,,val,authentic,False
authentic_ce4f0f4e8a6b573d,authentic/ce4f0f4e8a6b573d.jpg,0,,train,authentic,False
authentic_ce920dbe167b7bb8,authentic/ce920dbe167b7bb8.jpg,0,,train,authentic,False
authentic_cec622165cc7bc0f,authentic/cec622165cc7bc0f.jpg,0,,test,authentic,False
authentic_ced213111c5edaf6,authentic/ced213111c5edaf6.jpg,0,,train,authentic,False
authentic_cee8c21108f024b8,authentic/cee8c21108f024b8.jpg,0,,train,authentic,False
authentic_cf2afe94559cd267,authentic/cf2afe94559cd267.jpg,0,,test,authentic,False
authentic_cf30e19c518e6ca8,authentic/cf30e19c518e6ca8.jpg,0,,train,authentic,False
authentic_cf4f47e4210d88b6,authentic/cf4f47e4210d88b6.jpg,0,,train,authentic,False
authentic_cf8f82df27b847a2,authentic/cf8f82df27b847a2.jpg,0,,train,authentic,False
authentic_d017882fc57674a0,authentic/d017882fc57674a0.jpg,0,,val,authentic,False
authentic_d09891922a984ad2,authentic/d09891922a984ad2.jpg,0,,test,authentic,False
authentic_d09bfeeb11393477,authentic/d09bfeeb11393477.jpg,0,,val,authentic,False
authentic_d09f62eafaa4dbd2,authentic/d09f62eafaa4dbd2.jpg,0,,train,authentic,False
authentic_d101354878a83283,authentic/d101354878a83283.jpg,0,,test,authentic,False
authentic_d13d2e0d24e9aee0,authentic/d13d2e0d24e9aee0.jpg,0,,train,authentic,False
authentic_d198323a96ad5c3e,authentic/d198323a96ad5c3e.jpg,0,,train,authentic,False
authentic_d19ee44351d8823f,authentic/d19ee44351d8823f.jpg,0,,train,authentic,False
authentic_d1ea680dc821ab2c,authentic/d1ea680dc821ab2c.jpg,0,,train,authentic,False
authentic_d200a7a7e94df3eb,authentic/d200a7a7e94df3eb.jpg,0,,train,authentic,False
authentic_d215e3505887d9ab,authentic/d215e3505887d9ab.jpg,0,,train,authentic,False
authentic_d22ec9db24cdc906,authentic/d22ec9db24cdc906.jpg,0,,train,authentic,False
authentic_d2bd6fb787449e9c,authentic/d2bd6fb787449e9c.jpg,0,,train,authentic,False
authentic_d300f86748052d17,authentic/d300f86748052d17.jpg,0,,train,authentic,False
authentic_d33c0a9c6655a77e,authentic/d33c0a9c6655a77e.jpg,0,,train,authentic,False
authentic_d37f7280c9032724,authentic/d37f7280c9032724.jpg,0,,train,authentic,False
authentic_d387b3e09466cb83,authentic/d387b3e09466cb83.jpg,0,,train,authentic,False
authentic_d39f0d9afa9616a0,authentic/d39f0d9afa9616a0.jpg,0,,train,authentic,False
authentic_d44193fedb5dcdf8,authentic/d44193fedb5dcdf8.jpg,0,,train,authentic,False
authentic_d458fb02f0561915,authentic/d458fb02f0561915.jpg,0,,train,authentic,False
authentic_d4d7e9da6cab1ec4,authentic/d4d7e9da6cab1ec4.jpg,0,,train,authentic,False
authentic_d529b3e6306d841d,authentic/d529b3e6306d841d.jpg,0,,train,authentic,False
authentic_d5f8bb8da9b8e5e9,authentic/d5f8bb8da9b8e5e9.jpg,0,,val,authentic,False
authentic_d687c41958ab760e,authentic/d687c41958ab760e.jpg,0,,train,authentic,False
authentic_d698c67786068191,authentic/d698c67786068191.jpg,0,,train,authentic,False
authentic_d6fba8bdcb42b37d,authentic/d6fba8bdcb42b37d.jpg,0,,train,authentic,False
authentic_d75281006baeb032,authentic/d75281006baeb032.jpg,0,,val,authentic,False
authentic_d77ed3683dde91af,authentic/d77ed3683dde91af.jpg,0,,train,authentic,False
authentic_d78e4bc8886e85fa,authentic/d78e4bc8886e85fa.jpg,0,,train,authentic,False
authentic_d7be3d0c45c98757,authentic/d7be3d0c45c98757.jpg,0,,train,authentic,False
authentic_d7d8fecec83c08cf,authentic/d7d8fecec83c08cf.jpg,0,,train,authentic,False
authentic_d83097955560bcaa,authentic/d83097955560bcaa.jpg,0,,train,authentic,False
authentic_d83376a838b81f47,authentic/d83376a838b81f47.jpg,0,,train,authentic,False
authentic_d871fc313a999d86,authentic/d871fc313a999d86.jpg,0,,train,authentic,False
authentic_d87f70d34fda4073,authentic/d87f70d34fda4073.jpg,0,,train,authentic,False
authentic_d88cf234bd5a1111,authentic/d88cf234bd5a1111.jpg,0,,train,authentic,False
authentic_d8a8e4fb9cfc2fe8,authentic/d8a8e4fb9cfc2fe8.jpg,0,,train,authentic,False
authentic_d8d3af364c89376b,authentic/d8d3af364c89376b.jpg,0,,train,authentic,False
authentic_d9552fe247f5c934,authentic/d9552fe247f5c934.jpg,0,,train,authentic,False
authentic_d964a44cd286ebba,authentic/d964a44cd286ebba.jpg,0,,train,authentic,False
authentic_da22715d9c51a24b,authentic/da22715d9c51a24b.jpg,0,,train,authentic,False
authentic_da5f5a1b57742751,authentic/da5f5a1b57742751.jpg,0,,train,authentic,False
authentic_da852fc882b2190a,authentic/da852fc882b2190a.jpg,0,,test,authentic,False
authentic_dac8ac5ad2bca314,authentic/dac8ac5ad2bca314.jpg,0,,train,authentic,False
authentic_db425134895f827c,authentic/db425134895f827c.jpg,0,,train,authentic,False
authentic_db617794654f570f,authentic/db617794654f570f.jpg,0,,train,authentic,False
authentic_dbaef7c7dff91686,authentic/dbaef7c7dff91686.jpg,0,,val,authentic,False
authentic_dbc13536a9ad053c,authentic/dbc13536a9ad053c.jpg,0,,train,authentic,False
authentic_dbfc7be1dd67bf5d,authentic/dbfc7be1dd67bf5d.jpg,0,,train,authentic,False
authentic_dc2de14ed59812bf,authentic/dc2de14ed59812bf.jpg,0,,train,authentic,False
authentic_dcbace719296d595,authentic/dcbace719296d595.jpg,0,,train,authentic,False
authentic_dccce01556a318d0,authentic/dccce01556a318d0.jpg,0,,train,authentic,False
authentic_dce767abd71d9ac8,authentic/dce767abd71d9ac8.jpg,0,,train,authentic,False
authentic_dd391ea608744c4e,authentic/dd391ea608744c4e.jpg,0,,train,authentic,False
authentic_dd86f53f872bc525,authentic/dd86f53f872bc525.jpg,0,,train,authentic,False
authentic_ddd295919f8e2d74,authentic/ddd295919f8e2d74.jpg,0,,train,authentic,False
authentic_dde903ae9534e848,authentic/dde903ae9534e848.jpg,0,,test,authentic,False
authentic_ddf1616829498d87,authentic/ddf1616829498d87.jpg,0,,test,authentic,False
authentic_ddfa3e9a9f1bd819,authentic/ddfa3e9a9f1bd819.jpg,0,,val,authentic,False
authentic_de31c7481c54f4e2,authentic/de31c7481c54f4e2.jpg,0,,train,authentic,False
authentic_de7e220311ae505f,authentic/de7e220311ae505f.jpg,0,,val,authentic,False
authentic_deb8e2ee7be0485e,authentic/deb8e2ee7be0485e.jpg,0,,train,authentic,False
authentic_decec0fe82ca68ac,authentic/decec0fe82ca68ac.jpg,0,,train,authentic,False
authentic_ded2da2d252ba3e3,authentic/ded2da2d252ba3e3.jpg,0,,train,authentic,False
authentic_dee392cfaab7be94,authentic/dee392cfaab7be94.jpg,0,,train,authentic,False
authentic_dfc5c80d9a04bd35,authentic/dfc5c80d9a04bd35.jpg,0,,train,authentic,False
authentic_e08e572094000398,authentic/e08e572094000398.jpg,0,,test,authentic,False
authentic_e0eefe5107b649dd,authentic/e0eefe5107b649dd.jpg,0,,train,authentic,False
authentic_e10822a5ace5a937,authentic/e10822a5ace5a937.jpg,0,,train,authentic,False
authentic_e1517f56a7752e65,authentic/e1517f56a7752e65.jpg,0,,train,authentic,False
authentic_e16fa91eb35e78d4,authentic/e16fa91eb35e78d4.jpg,0,,train,authentic,False
authentic_e1ab29d52785a944,authentic/e1ab29d52785a944.jpg,0,,train,authentic,False
authentic_e1f30bcec0c6ac7e,authentic/e1f30bcec0c6ac7e.jpg,0,,train,authentic,False
authentic_e20c92128158fb94,authentic/e20c92128158fb94.jpg,0,,train,authentic,False
authentic_e25053c24e2a93e3,authentic/e25053c24e2a93e3.jpg,0,,train,authentic,False
authentic_e2717b6100cf2cba,authentic/e2717b6100cf2cba.jpg,0,,train,authentic,False
authentic_e2977fb78cdd3955,authentic/e2977fb78cdd3955.jpg,0,,train,authentic,False
authentic_e33489cefa60ad13,authentic/e33489cefa60ad13.jpg,0,,train,authentic,False
authentic_e38b71b539613307,authentic/e38b71b539613307.jpg,0,,train,authentic,False
authentic_e45cdd0edc7eecb6,authentic/e45cdd0edc7eecb6.jpg,0,,val,authentic,False
authentic_e47977d11bcd4256,authentic/e47977d11bcd4256.jpg,0,,train,authentic,False
authentic_e49d288767cdb7e5,authentic/e49d288767cdb7e5.jpg,0,,train,authentic,False
authentic_e4e339e37e28190b,authentic/e4e339e37e28190b.jpg,0,,train,authentic,False
authentic_e653f60411f04208,authentic/e653f60411f04208.jpg,0,,train,authentic,False
authentic_e6660bf79bb76fb7,authentic/e6660bf79bb76fb7.jpg,0,,train,authentic,False
authentic_e6d5fa869fa3fbdb,authentic/e6d5fa869fa3fbdb.jpg,0,,train,authentic,False
authentic_e76081cb3b4f8bd5,authentic/e76081cb3b4f8bd5.jpg,0,,train,authentic,False
authentic_e779b42ba4f64c8b,authentic/e779b42ba4f64c8b.jpg,0,,train,authentic,False
authentic_e81475be49afe676,authentic/e81475be49afe676.jpg,0,,train,authentic,False
authentic_e86c4ea8a058dfc3,authentic/e86c4ea8a058dfc3.jpg,0,,train,authentic,False
authentic_e8fdfdc349b4b25d,authentic/e8fdfdc349b4b25d.jpg,0,,train,authentic,False
authentic_e92121aad88c24e6,authentic/e92121aad88c24e6.jpg,0,,train,authentic,False
authentic_e9c270a226d513e9,authentic/e9c270a226d513e9.jpg,0,,train,authentic,False
authentic_e9c4215a9cb279e4,authentic/e9c4215a9cb279e4.jpg,0,,train,authentic,False
authentic_e9d1685ef199c6b6,authentic/e9d1685ef199c6b6.jpg,0,,train,authentic,False
authentic_ea1892fed550ba50,authentic/ea1892fed550ba50.jpg,0,,train,authentic,False
authentic_ea2c0e3543fc7a39,authentic/ea2c0e3543fc7a39.jpg,0,,val,authentic,False
authentic_ea44b64cb8bc617a,authentic/ea44b64cb8bc617a.jpg,0,,train,authentic,False
authentic_ea454189cf901d22,authentic/ea454189cf901d22.jpg,0,,train,authentic,False
authentic_ebb02bca704c06c9,authentic/ebb02bca704c06c9.jpg,0,,train,authentic,False
authentic_ebeda35e65899709,authentic/ebeda35e65899709.jpg,0,,test,authentic,False
authentic_ec071a3c28d4398e,authentic/ec071a3c28d4398e.jpg,0,,train,authentic,False
authentic_ec1c5f09b7aaa72a,authentic/ec1c5f09b7aaa72a.jpg,0,,test,authentic,False
authentic_ec88c3db4f98443c,authentic/ec88c3db4f98443c.jpg,0,,train,authentic,False
authentic_ed78d593dbe43cef,authentic/ed78d593dbe43cef.jpg,0,,train,authentic,False
authentic_ed96e3435944cbca,authentic/ed96e3435944cbca.jpg,0,,train,authentic,False
authentic_eded9da81ae427c3,authentic/eded9da81ae427c3.jpg,0,,train,authentic,False
authentic_edeec151e833919e,authentic/edeec151e833919e.jpg,0,,train,authentic,False
authentic_ee421d9040dea031,authentic/ee421d9040dea031.jpg,0,,test,authentic,False
authentic_ee6c5397c57f08f8,authentic/ee6c5397c57f08f8.jpg,0,,train,authentic,False
authentic_ef4bb0751cb62cf0,authentic/ef4bb0751cb62cf0.jpg,0,,train,authentic,False
authentic_ef9d804aa27819b6,authentic/ef9d804aa27819b6.jpg,0,,train,authentic,False
authentic_efc8cd1106678a1e,authentic/efc8cd1106678a1e.jpg,0,,train,authentic,False
authentic_efec5019ed62261f,authentic/efec5019ed62261f.jpg,0,,val,authentic,False
authentic_f03b9c6802bffe45,authentic/f03b9c6802bffe45.jpg,0,,train,authentic,False
authentic_f054dd2d9ed8032e,authentic/f054dd2d9ed8032e.jpg,0,,train,authentic,False
authentic_f07fd56874abe2d6,authentic/f07fd56874abe2d6.jpg,0,,train,authentic,False
authentic_f09bbceece7be738,authentic/f09bbceece7be738.jpg,0,,train,authentic,False
authentic_f0e743e1be0febee,authentic/f0e743e1be0febee.jpg,0,,train,authentic,False
authentic_f1735c03e40ee5c0,authentic/f1735c03e40ee5c0.jpg,0,,train,authentic,False
authentic_f1db86c9cdf9710f,authentic/f1db86c9cdf9710f.jpg,0,,train,authentic,False
authentic_f248553264e84d3b,authentic/f248553264e84d3b.jpg,0,,val,authentic,False
authentic_f26d0c44d3ce1471,authentic/f26d0c44d3ce1471.jpg,0,,train,authentic,False
authentic_f2980047b2fad83c,authentic/f2980047b2fad83c.jpg,0,,val,authentic,False
authentic_f2aa3bc8f38f06c0,authentic/f2aa3bc8f38f06c0.jpg,0,,test,authentic,False
authentic_f2b82b041c690ab3,authentic/f2b82b041c690ab3.jpg,0,,train,authentic,False
authentic_f42bcfb59b6e508e,authentic/f42bcfb59b6e508e.jpg,0,,train,authentic,False
authentic_f535a9dc6850cae7,authentic/f535a9dc6850cae7.jpg,0,,train,authentic,False
authentic_f6383422ff7bd7da,authentic/f6383422ff7bd7da.jpg,0,,train,authentic,False
authentic_f63e5588af578a84,authentic/f63e5588af578a84.jpg,0,,train,authentic,False
authentic_f6bac7aba4b3016b,authentic/f6bac7aba4b3016b.jpg,0,,train,authentic,False
authentic_f71341186e7715a9,authentic/f71341186e7715a9.jpg,0,,train,authentic,False
authentic_f785ffafc2246df2,authentic/f785ffafc2246df2.jpg,0,,train,authentic,False
authentic_f8270746f55a4741,authentic/f8270746f55a4741.jpg,0,,train,authentic,False
authentic_f834b8154e282cf4,authentic/f834b8154e282cf4.jpg,0,,train,authentic,False
authentic_f859f9bb8cafc317,authentic/f859f9bb8cafc317.jpg,0,,train,authentic,False
authentic_f89209b2bd1f7d30,authentic/f89209b2bd1f7d30.jpg,0,,train,authentic,False
authentic_f8feeb51bb3798b6,authentic/f8feeb51bb3798b6.jpg,0,,train,authentic,False
authentic_f9049470b400a14f,authentic/f9049470b400a14f.jpg,0,,train,authentic,False
authentic_f915559e84de6c94,authentic/f915559e84de6c94.jpg,0,,train,authentic,False
authentic_f991c555003e6105,authentic/f991c555003e6105.jpg,0,,train,authentic,False
authentic_f9c348bdc7d4adad,authentic/f9c348bdc7d4adad.jpg,0,,train,authentic,False
authentic_fa0f0d07c4e8ab0c,authentic/fa0f0d07c4e8ab0c.jpg,0,,train,authentic,False
authentic_fa7f0b6bac46bad1,authentic/fa7f0b6bac46bad1.jpg,0,,test,authentic,False
authentic_fad02dba81e90daa,authentic/fad02dba81e90daa.jpg,0,,val,authentic,False
authentic_fb1509b970a904bf,authentic/fb1509b970a904bf.jpg,0,,train,authentic,False
authentic_fb1acccabe2ad3b1,authentic/fb1acccabe2ad3b1.jpg,0,,train,authentic,False
authentic_fbca17e994a7f7fe,authentic/fbca17e994a7f7fe.jpg,0,,train,authentic,False
authentic_fbea358ff9274cbf,authentic/fbea358ff9274cbf.jpg,0,,train,authentic,False
authentic_fc211f0460303483,authentic/fc211f0460303483.jpg,0,,train,authentic,False
authentic_fd8818ef75c6926d,authentic/fd8818ef75c6926d.jpg,0,,train,authentic,False
authentic_fec47086f2690499,authentic/fec47086f2690499.jpg,0,,train,authentic,False
authentic_fed074b88a4f957a,authentic/fed074b88a4f957a.jpg,0,,train,authentic,False
fully_synthetic_full_synthetic_000032,fully_synthetic/full_synthetic_000032.png,1,,test,fully_synthetic,False
fully_synthetic_full_synthetic_000057,fully_synthetic/full_synthetic_000057.png,1,,train,fully_synthetic,False
fully_synthetic_full_synthetic_000132,fully_synthetic/full_synthetic_000132.png,1,,val,fully_synthetic,False
fully_synthetic_full_synthetic_000155,fully_synthetic/full_synthetic_000155.png,1,,train,fully_synthetic,False
fully_synthetic_full_synthetic_000365,fully_synthetic/full_synthetic_000365.png,1,,train,fully_synthetic,False
fully_synthetic_full_synthetic_000536,fully_synthetic/full_synthetic_000536.png,1,,train,fully_synthetic,False
fully_synthetic_full_synthetic_000723,fully_synthetic/full_synthetic_000723.png,1,,val,fully_synthetic,False
fully_synthetic_full_synthetic_000797,fully_synthetic/full_synthetic_000797.png,1,,train,fully_synthetic,False
fully_synthetic_full_synthetic_000836,fully_synthetic/full_synthetic_000836.png,1,,train,fully_synthetic,False
fully_synthetic_full_synthetic_000846,fully_synthetic/full_synthetic_000846.png,1,,train,fully_synthetic,False
fully_synthetic_full_synthetic_000853,fully_synthetic/full_synthetic_000853.png,1,,test,fully_synthetic,False
fully_synthetic_full_synthetic_000856,fully_synthetic/full_synthetic_000856.png,1,,val,fully_synthetic,False
fully_synthetic_full_synthetic_000896,fully_synthetic/full_synthetic_000896.png,1,,val,fully_synthetic,False
fully_synthetic_full_synthetic_000898,fully_synthetic/full_synthetic_000898.png,1,,train,fully_synthetic,False
fully_synthetic_full_synthetic_000939,fully_synthetic/full_synthetic_000939.png,1,,train,fully_synthetic,False
fully_synthetic_full_synthetic_000968,fully_synthetic/full_synthetic_000968.png,1,,train,fully_synthetic,False
fully_synthetic_full_synthetic_000986,fully_synthetic/full_synthetic_000986.png,1,,train,fully_synthetic,False
fully_synthetic_full_synthetic_001171,fully_synthetic/full_synthetic_001171.png,1,,train,fully_synthetic,False
fully_synthetic_full_synthetic_001328,fully_synthetic/full_synthetic_001328.png,1,,train,fully_synthetic,False
fully_synthetic_full_synthetic_001362,fully_synthetic/full_synthetic_001362.png,1,,test,fully_synthetic,False
fully_synthetic_full_synthetic_001574,fully_synthetic/full_synthetic_001574.png,1,,train,fully_synthetic,False
fully_synthetic_full_synthetic_001716,fully_synthetic/full_synthetic_001716.png,1,,train,fully_synthetic,False
fully_synthetic_full_synthetic_001888,fully_synthetic/full_synthetic_001888.png,1,,train,fully_synthetic,False
fully_synthetic_full_synthetic_001981,fully_synthetic/full_synthetic_001981.png,1,,train,fully_synthetic,False
fully_synthetic_full_synthetic_002079,fully_synthetic/full_synthetic_002079.png,1,,train,fully_synthetic,False
fully_synthetic_full_synthetic_002132,fully_synthetic/full_synthetic_002132.png,1,,test,fully_synthetic,False
fully_synthetic_full_synthetic_002195,fully_synthetic/full_synthetic_002195.png,1,,train,fully_synthetic,False
fully_synthetic_full_synthetic_002307,fully_synthetic/full_synthetic_002307.png,1,,train,fully_synthetic,False
fully_synthetic_full_synthetic_002309,fully_synthetic/full_synthetic_002309.png,1,,train,fully_synthetic,False
fully_synthetic_full_synthetic_002363,fully_synthetic/full_synthetic_002363.png,1,,train,fully_synthetic,False
fully_synthetic_full_synthetic_002519,fully_synthetic/full_synthetic_002519.png,1,,train,fully_synthetic,False
fully_synthetic_full_synthetic_002543,fully_synthetic/full_synthetic_002543.png,1,,train,fully_synthetic,False
fully_synthetic_full_synthetic_002644,fully_synthetic/full_synthetic_002644.png,1,,train,fully_synthetic,False
fully_synthetic_full_synthetic_002765,fully_synthetic/full_synthetic_002765.png,1,,train,fully_synthetic,False
fully_synthetic_full_synthetic_002928,fully_synthetic/full_synthetic_002928.png,1,,train,fully_synthetic,False
fully_synthetic_full_synthetic_002951,fully_synthetic/full_synthetic_002951.png,1,,train,fully_synthetic,False
fully_synthetic_full_synthetic_003020,fully_synthetic/full_synthetic_003020.png,1,,val,fully_synthetic,False
fully_synthetic_full_synthetic_003126,fully_synthetic/full_synthetic_003126.png,1,,val,fully_synthetic,False
fully_synthetic_full_synthetic_003177,fully_synthetic/full_synthetic_003177.png,1,,train,fully_synthetic,False
fully_synthetic_full_synthetic_003181,fully_synthetic/full_synthetic_003181.png,1,,train,fully_synthetic,False
fully_synthetic_full_synthetic_003252,fully_synthetic/full_synthetic_003252.png,1,,train,fully_synthetic,False
fully_synthetic_full_synthetic_003495,fully_synthetic/full_synthetic_003495.png,1,,train,fully_synthetic,False
fully_synthetic_full_synthetic_003515,fully_synthetic/full_synthetic_003515.png,1,,train,fully_synthetic,False
fully_synthetic_full_synthetic_003742,fully_synthetic/full_synthetic_003742.png,1,,train,fully_synthetic,False
fully_synthetic_full_synthetic_003852,fully_synthetic/full_synthetic_003852.png,1,,train,fully_synthetic,False
fully_synthetic_full_synthetic_003892,fully_synthetic/full_synthetic_003892.png,1,,train,fully_synthetic,False
fully_synthetic_full_synthetic_003915,fully_synthetic/full_synthetic_003915.png,1,,train,fully_synthetic,False
fully_synthetic_full_synthetic_003979,fully_synthetic/full_synthetic_003979.png,1,,train,fully_synthetic,False
fully_synthetic_full_synthetic_003998,fully_synthetic/full_synthetic_003998.png,1,,train,fully_synthetic,False
fully_synthetic_full_synthetic_004005,fully_synthetic/full_synthetic_004005.png,1,,train,fully_synthetic,False
fully_synthetic_full_synthetic_004102,fully_synthetic/full_synthetic_004102.png,1,,train,fully_synthetic,False
fully_synthetic_full_synthetic_004243,fully_synthetic/full_synthetic_004243.png,1,,val,fully_synthetic,False
fully_synthetic_full_synthetic_004461,fully_synthetic/full_synthetic_004461.png,1,,train,fully_synthetic,False
fully_synthetic_full_synthetic_004484,fully_synthetic/full_synthetic_004484.png,1,,test,fully_synthetic,False
fully_synthetic_full_synthetic_004498,fully_synthetic/full_synthetic_004498.png,1,,train,fully_synthetic,False
fully_synthetic_full_synthetic_004542,fully_synthetic/full_synthetic_004542.png,1,,train,fully_synthetic,False
fully_synthetic_full_synthetic_004564,fully_synthetic/full_synthetic_004564.png,1,,train,fully_synthetic,False
fully_synthetic_full_synthetic_004592,fully_synthetic/full_synthetic_004592.png,1,,val,fully_synthetic,False
fully_synthetic_full_synthetic_004644,fully_synthetic/full_synthetic_004644.png,1,,train,fully_synthetic,False
fully_synthetic_full_synthetic_004685,fully_synthetic/full_synthetic_004685.png,1,,train,fully_synthetic,False
fully_synthetic_full_synthetic_004737,fully_synthetic/full_synthetic_004737.png,1,,train,fully_synthetic,False
fully_synthetic_full_synthetic_004758,fully_synthetic/full_synthetic_004758.png,1,,train,fully_synthetic,False
fully_synthetic_full_synthetic_004939,fully_synthetic/full_synthetic_004939.png,1,,train,fully_synthetic,False
fully_synthetic_full_synthetic_004965,fully_synthetic/full_synthetic_004965.png,1,,test,fully_synthetic,False
fully_synthetic_full_synthetic_005004,fully_synthetic/full_synthetic_005004.png,1,,train,fully_synthetic,False
fully_synthetic_full_synthetic_005083,fully_synthetic/full_synthetic_005083.png,1,,train,fully_synthetic,False
fully_synthetic_full_synthetic_005161,fully_synthetic/full_synthetic_005161.png,1,,train,fully_synthetic,False
fully_synthetic_full_synthetic_005171,fully_synthetic/full_synthetic_005171.png,1,,train,fully_synthetic,False
fully_synthetic_full_synthetic_005190,fully_synthetic/full_synthetic_005190.png,1,,test,fully_synthetic,False
fully_synthetic_full_synthetic_005539,fully_synthetic/full_synthetic_005539.png,1,,train,fully_synthetic,False
fully_synthetic_full_synthetic_005566,fully_synthetic/full_synthetic_005566.png,1,,train,fully_synthetic,False
fully_synthetic_full_synthetic_005656,fully_synthetic/full_synthetic_005656.png,1,,test,fully_synthetic,False
fully_synthetic_full_synthetic_005659,fully_synthetic/full_synthetic_005659.png,1,,train,fully_synthetic,False
fully_synthetic_full_synthetic_005724,fully_synthetic/full_synthetic_005724.png,1,,val,fully_synthetic,False
fully_synthetic_full_synthetic_005727,fully_synthetic/full_synthetic_005727.png,1,,train,fully_synthetic,False
fully_synthetic_full_synthetic_005730,fully_synthetic/full_synthetic_005730.png,1,,train,fully_synthetic,False
fully_synthetic_full_synthetic_005739,fully_synthetic/full_synthetic_005739.png,1,,val,fully_synthetic,False
fully_synthetic_full_synthetic_005742,fully_synthetic/full_synthetic_005742.png,1,,val,fully_synthetic,False
fully_synthetic_full_synthetic_005764,fully_synthetic/full_synthetic_005764.png,1,,train,fully_synthetic,False
fully_synthetic_full_synthetic_005797,fully_synthetic/full_synthetic_005797.png,1,,train,fully_synthetic,False
fully_synthetic_full_synthetic_005808,fully_synthetic/full_synthetic_005808.png,1,,train,fully_synthetic,False
fully_synthetic_full_synthetic_005870,fully_synthetic/full_synthetic_005870.png,1,,train,fully_synthetic,False
fully_synthetic_full_synthetic_005918,fully_synthetic/full_synthetic_005918.png,1,,test,fully_synthetic,False
fully_synthetic_full_synthetic_005949,fully_synthetic/full_synthetic_005949.png,1,,train,fully_synthetic,False
fully_synthetic_full_synthetic_005977,fully_synthetic/full_synthetic_005977.png,1,,train,fully_synthetic,False
fully_synthetic_full_synthetic_005999,fully_synthetic/full_synthetic_005999.png,1,,train,fully_synthetic,False
fully_synthetic_full_synthetic_006055,fully_synthetic/full_synthetic_006055.png,1,,train,fully_synthetic,False
fully_synthetic_full_synthetic_006071,fully_synthetic/full_synthetic_006071.png,1,,train,fully_synthetic,False
fully_synthetic_full_synthetic_006082,fully_synthetic/full_synthetic_006082.png,1,,test,fully_synthetic,False
fully_synthetic_full_synthetic_006169,fully_synthetic/full_synthetic_006169.png,1,,train,fully_synthetic,False
fully_synthetic_full_synthetic_006265,fully_synthetic/full_synthetic_006265.png,1,,train,fully_synthetic,False
fully_synthetic_full_synthetic_006303,fully_synthetic/full_synthetic_006303.png,1,,val,fully_synthetic,False
fully_synthetic_full_synthetic_006709,fully_synthetic/full_synthetic_006709.png,1,,train,fully_synthetic,False
fully_synthetic_full_synthetic_006800,fully_synthetic/full_synthetic_006800.png,1,,train,fully_synthetic,False
fully_synthetic_full_synthetic_006824,fully_synthetic/full_synthetic_006824.png,1,,train,fully_synthetic,False
fully_synthetic_full_synthetic_007016,fully_synthetic/full_synthetic_007016.png,1,,train,fully_synthetic,False
fully_synthetic_full_synthetic_007052,fully_synthetic/full_synthetic_007052.png,1,,train,fully_synthetic,False
fully_synthetic_full_synthetic_007055,fully_synthetic/full_synthetic_007055.png,1,,train,fully_synthetic,False
fully_synthetic_full_synthetic_007074,fully_synthetic/full_synthetic_007074.png,1,,train,fully_synthetic,False
fully_synthetic_full_synthetic_007157,fully_synthetic/full_synthetic_007157.png,1,,train,fully_synthetic,False
fully_synthetic_full_synthetic_007293,fully_synthetic/full_synthetic_007293.png,1,,train,fully_synthetic,False
fully_synthetic_full_synthetic_007407,fully_synthetic/full_synthetic_007407.png,1,,train,fully_synthetic,False
fully_synthetic_full_synthetic_007434,fully_synthetic/full_synthetic_007434.png,1,,train,fully_synthetic,False
fully_synthetic_full_synthetic_007452,fully_synthetic/full_synthetic_007452.png,1,,train,fully_synthetic,False
fully_synthetic_full_synthetic_007591,fully_synthetic/full_synthetic_007591.png,1,,train,fully_synthetic,False
fully_synthetic_full_synthetic_007755,fully_synthetic/full_synthetic_007755.png,1,,train,fully_synthetic,False
fully_synthetic_full_synthetic_007770,fully_synthetic/full_synthetic_007770.png,1,,val,fully_synthetic,False
fully_synthetic_full_synthetic_007852,fully_synthetic/full_synthetic_007852.png,1,,train,fully_synthetic,False
fully_synthetic_full_synthetic_007885,fully_synthetic/full_synthetic_007885.png,1,,val,fully_synthetic,False
fully_synthetic_full_synthetic_007944,fully_synthetic/full_synthetic_007944.png,1,,train,fully_synthetic,False
fully_synthetic_full_synthetic_008034,fully_synthetic/full_synthetic_008034.png,1,,train,fully_synthetic,False
fully_synthetic_full_synthetic_008067,fully_synthetic/full_synthetic_008067.png,1,,train,fully_synthetic,False
fully_synthetic_full_synthetic_008095,fully_synthetic/full_synthetic_008095.png,1,,train,fully_synthetic,False
fully_synthetic_full_synthetic_008144,fully_synthetic/full_synthetic_008144.png,1,,train,fully_synthetic,False
fully_synthetic_full_synthetic_008179,fully_synthetic/full_synthetic_008179.png,1,,test,fully_synthetic,False
fully_synthetic_full_synthetic_008210,fully_synthetic/full_synthetic_008210.png,1,,test,fully_synthetic,False
fully_synthetic_full_synthetic_008424,fully_synthetic/full_synthetic_008424.png,1,,train,fully_synthetic,False
fully_synthetic_full_synthetic_008488,fully_synthetic/full_synthetic_008488.png,1,,train,fully_synthetic,False
fully_synthetic_full_synthetic_008499,fully_synthetic/full_synthetic_008499.png,1,,train,fully_synthetic,False
fully_synthetic_full_synthetic_008547,fully_synthetic/full_synthetic_008547.png,1,,train,fully_synthetic,False
fully_synthetic_full_synthetic_008578,fully_synthetic/full_synthetic_008578.png,1,,train,fully_synthetic,False
fully_synthetic_full_synthetic_008609,fully_synthetic/full_synthetic_008609.png,1,,train,fully_synthetic,False
fully_synthetic_full_synthetic_008673,fully_synthetic/full_synthetic_008673.png,1,,val,fully_synthetic,False
fully_synthetic_full_synthetic_008683,fully_synthetic/full_synthetic_008683.png,1,,test,fully_synthetic,False
fully_synthetic_full_synthetic_008703,fully_synthetic/full_synthetic_008703.png,1,,train,fully_synthetic,False
fully_synthetic_full_synthetic_008706,fully_synthetic/full_synthetic_008706.png,1,,val,fully_synthetic,False
fully_synthetic_full_synthetic_008809,fully_synthetic/full_synthetic_008809.png,1,,train,fully_synthetic,False
fully_synthetic_full_synthetic_008882,fully_synthetic/full_synthetic_008882.png,1,,test,fully_synthetic,False
fully_synthetic_full_synthetic_008944,fully_synthetic/full_synthetic_008944.png,1,,train,fully_synthetic,False
fully_synthetic_full_synthetic_009033,fully_synthetic/full_synthetic_009033.png,1,,train,fully_synthetic,False
fully_synthetic_full_synthetic_009099,fully_synthetic/full_synthetic_009099.png,1,,train,fully_synthetic,False
fully_synthetic_full_synthetic_009182,fully_synthetic/full_synthetic_009182.png,1,,test,fully_synthetic,False
fully_synthetic_full_synthetic_009303,fully_synthetic/full_synthetic_009303.png,1,,train,fully_synthetic,False
fully_synthetic_full_synthetic_009360,fully_synthetic/full_synthetic_009360.png,1,,train,fully_synthetic,False
fully_synthetic_full_synthetic_009419,fully_synthetic/full_synthetic_009419.png,1,,train,fully_synthetic,False
fully_synthetic_full_synthetic_009443,fully_synthetic/full_synthetic_009443.png,1,,test,fully_synthetic,False
fully_synthetic_full_synthetic_009446,fully_synthetic/full_synthetic_009446.png,1,,train,fully_synthetic,False
fully_synthetic_full_synthetic_009481,fully_synthetic/full_synthetic_009481.png,1,,train,fully_synthetic,False
fully_synthetic_full_synthetic_009564,fully_synthetic/full_synthetic_009564.png,1,,train,fully_synthetic,False
fully_synthetic_full_synthetic_009588,fully_synthetic/full_synthetic_009588.png,1,,train,fully_synthetic,False
fully_synthetic_full_synthetic_009629,fully_synthetic/full_synthetic_009629.png,1,,test,fully_synthetic,False
fully_synthetic_full_synthetic_009663,fully_synthetic/full_synthetic_009663.png,1,,train,fully_synthetic,False
fully_synthetic_full_synthetic_009729,fully_synthetic/full_synthetic_009729.png,1,,val,fully_synthetic,False
fully_synthetic_full_synthetic_009904,fully_synthetic/full_synthetic_009904.png,1,,train,fully_synthetic,False
fully_synthetic_full_synthetic_009929,fully_synthetic/full_synthetic_009929.png,1,,train,fully_synthetic,False
fully_synthetic_full_synthetic_010018,fully_synthetic/full_synthetic_010018.png,1,,train,fully_synthetic,False
fully_synthetic_full_synthetic_010042,fully_synthetic/full_synthetic_010042.png,1,,train,fully_synthetic,False
fully_synthetic_full_synthetic_010107,fully_synthetic/full_synthetic_010107.png,1,,train,fully_synthetic,False
fully_synthetic_full_synthetic_010139,fully_synthetic/full_synthetic_010139.png,1,,test,fully_synthetic,False
fully_synthetic_full_synthetic_010141,fully_synthetic/full_synthetic_010141.png,1,,train,fully_synthetic,False
fully_synthetic_full_synthetic_010192,fully_synthetic/full_synthetic_010192.png,1,,test,fully_synthetic,False
fully_synthetic_full_synthetic_010215,fully_synthetic/full_synthetic_010215.png,1,,train,fully_synthetic,False
fully_synthetic_full_synthetic_010235,fully_synthetic/full_synthetic_010235.png,1,,train,fully_synthetic,False
fully_synthetic_full_synthetic_010247,fully_synthetic/full_synthetic_010247.png,1,,train,fully_synthetic,False
fully_synthetic_full_synthetic_010291,fully_synthetic/full_synthetic_010291.png,1,,train,fully_synthetic,False
fully_synthetic_full_synthetic_010388,fully_synthetic/full_synthetic_010388.png,1,,val,fully_synthetic,False
fully_synthetic_full_synthetic_010420,fully_synthetic/full_synthetic_010420.png,1,,test,fully_synthetic,False
fully_synthetic_full_synthetic_010461,fully_synthetic/full_synthetic_010461.png,1,,train,fully_synthetic,False
fully_synthetic_full_synthetic_010682,fully_synthetic/full_synthetic_010682.png,1,,train,fully_synthetic,False
fully_synthetic_full_synthetic_010692,fully_synthetic/full_synthetic_010692.png,1,,train,fully_synthetic,False
fully_synthetic_full_synthetic_010709,fully_synthetic/full_synthetic_010709.png,1,,train,fully_synthetic,False
fully_synthetic_full_synthetic_010737,fully_synthetic/full_synthetic_010737.png,1,,val,fully_synthetic,False
fully_synthetic_full_synthetic_010754,fully_synthetic/full_synthetic_010754.png,1,,train,fully_synthetic,False
fully_synthetic_full_synthetic_010792,fully_synthetic/full_synthetic_010792.png,1,,train,fully_synthetic,False
fully_synthetic_full_synthetic_010820,fully_synthetic/full_synthetic_010820.png,1,,train,fully_synthetic,False
fully_synthetic_full_synthetic_010826,fully_synthetic/full_synthetic_010826.png,1,,train,fully_synthetic,False
fully_synthetic_full_synthetic_010956,fully_synthetic/full_synthetic_010956.png,1,,val,fully_synthetic,False
fully_synthetic_full_synthetic_011054,fully_synthetic/full_synthetic_011054.png,1,,train,fully_synthetic,False
fully_synthetic_full_synthetic_011180,fully_synthetic/full_synthetic_011180.png,1,,train,fully_synthetic,False
fully_synthetic_full_synthetic_011214,fully_synthetic/full_synthetic_011214.png,1,,train,fully_synthetic,False
fully_synthetic_full_synthetic_011270,fully_synthetic/full_synthetic_011270.png,1,,train,fully_synthetic,False
fully_synthetic_full_synthetic_011336,fully_synthetic/full_synthetic_011336.png,1,,train,fully_synthetic,False
fully_synthetic_full_synthetic_011351,fully_synthetic/full_synthetic_011351.png,1,,train,fully_synthetic,False
fully_synthetic_full_synthetic_011423,fully_synthetic/full_synthetic_011423.png,1,,train,fully_synthetic,False
fully_synthetic_full_synthetic_011504,fully_synthetic/full_synthetic_011504.png,1,,train,fully_synthetic,False
fully_synthetic_full_synthetic_011513,fully_synthetic/full_synthetic_011513.png,1,,train,fully_synthetic,False
fully_synthetic_full_synthetic_011637,fully_synthetic/full_synthetic_011637.png,1,,test,fully_synthetic,False
fully_synthetic_full_synthetic_011686,fully_synthetic/full_synthetic_011686.png,1,,train,fully_synthetic,False
fully_synthetic_full_synthetic_011776,fully_synthetic/full_synthetic_011776.png,1,,train,fully_synthetic,False
fully_synthetic_full_synthetic_011909,fully_synthetic/full_synthetic_011909.png,1,,train,fully_synthetic,False
fully_synthetic_full_synthetic_011971,fully_synthetic/full_synthetic_011971.png,1,,train,fully_synthetic,False
fully_synthetic_full_synthetic_012080,fully_synthetic/full_synthetic_012080.png,1,,train,fully_synthetic,False
fully_synthetic_full_synthetic_012137,fully_synthetic/full_synthetic_012137.png,1,,train,fully_synthetic,False
fully_synthetic_full_synthetic_012176,fully_synthetic/full_synthetic_012176.png,1,,train,fully_synthetic,False
fully_synthetic_full_synthetic_012208,fully_synthetic/full_synthetic_012208.png,1,,train,fully_synthetic,False
fully_synthetic_full_synthetic_012555,fully_synthetic/full_synthetic_012555.png,1,,train,fully_synthetic,False
fully_synthetic_full_synthetic_012619,fully_synthetic/full_synthetic_012619.png,1,,test,fully_synthetic,False
fully_synthetic_full_synthetic_012721,fully_synthetic/full_synthetic_012721.png,1,,train,fully_synthetic,False
fully_synthetic_full_synthetic_012764,fully_synthetic/full_synthetic_012764.png,1,,train,fully_synthetic,False
fully_synthetic_full_synthetic_012768,fully_synthetic/full_synthetic_012768.png,1,,train,fully_synthetic,False
fully_synthetic_full_synthetic_012794,fully_synthetic/full_synthetic_012794.png,1,,val,fully_synthetic,False
fully_synthetic_full_synthetic_013145,fully_synthetic/full_synthetic_013145.png,1,,train,fully_synthetic,False
fully_synthetic_full_synthetic_013216,fully_synthetic/full_synthetic_013216.png,1,,train,fully_synthetic,False
fully_synthetic_full_synthetic_013247,fully_synthetic/full_synthetic_013247.png,1,,train,fully_synthetic,False
fully_synthetic_full_synthetic_013255,fully_synthetic/full_synthetic_013255.png,1,,test,fully_synthetic,False
fully_synthetic_full_synthetic_013343,fully_synthetic/full_synthetic_013343.png,1,,test,fully_synthetic,False
fully_synthetic_full_synthetic_013373,fully_synthetic/full_synthetic_013373.png,1,,train,fully_synthetic,False
fully_synthetic_full_synthetic_013394,fully_synthetic/full_synthetic_013394.png,1,,train,fully_synthetic,False
fully_synthetic_full_synthetic_013424,fully_synthetic/full_synthetic_013424.png,1,,train,fully_synthetic,False
fully_synthetic_full_synthetic_013543,fully_synthetic/full_synthetic_013543.png,1,,train,fully_synthetic,False
fully_synthetic_full_synthetic_013554,fully_synthetic/full_synthetic_013554.png,1,,train,fully_synthetic,False
fully_synthetic_full_synthetic_013557,fully_synthetic/full_synthetic_013557.png,1,,train,fully_synthetic,False
fully_synthetic_full_synthetic_013569,fully_synthetic/full_synthetic_013569.png,1,,train,fully_synthetic,False
fully_synthetic_full_synthetic_013571,fully_synthetic/full_synthetic_013571.png,1,,train,fully_synthetic,False
fully_synthetic_full_synthetic_013649,fully_synthetic/full_synthetic_013649.png,1,,train,fully_synthetic,False
fully_synthetic_full_synthetic_013733,fully_synthetic/full_synthetic_013733.png,1,,train,fully_synthetic,False
fully_synthetic_full_synthetic_013799,fully_synthetic/full_synthetic_013799.png,1,,train,fully_synthetic,False
fully_synthetic_full_synthetic_013882,fully_synthetic/full_synthetic_013882.png,1,,train,fully_synthetic,False
fully_synthetic_full_synthetic_013996,fully_synthetic/full_synthetic_013996.png,1,,test,fully_synthetic,False
fully_synthetic_full_synthetic_014060,fully_synthetic/full_synthetic_014060.png,1,,train,fully_synthetic,False
fully_synthetic_full_synthetic_014068,fully_synthetic/full_synthetic_014068.png,1,,val,fully_synthetic,False
fully_synthetic_full_synthetic_014095,fully_synthetic/full_synthetic_014095.png,1,,train,fully_synthetic,False
fully_synthetic_full_synthetic_014235,fully_synthetic/full_synthetic_014235.png,1,,train,fully_synthetic,False
fully_synthetic_full_synthetic_014350,fully_synthetic/full_synthetic_014350.png,1,,train,fully_synthetic,False
fully_synthetic_full_synthetic_014401,fully_synthetic/full_synthetic_014401.png,1,,test,fully_synthetic,False
fully_synthetic_full_synthetic_014416,fully_synthetic/full_synthetic_014416.png,1,,test,fully_synthetic,False
fully_synthetic_full_synthetic_014437,fully_synthetic/full_synthetic_014437.png,1,,val,fully_synthetic,False
fully_synthetic_full_synthetic_014471,fully_synthetic/full_synthetic_014471.png,1,,train,fully_synthetic,False
fully_synthetic_full_synthetic_014521,fully_synthetic/full_synthetic_014521.png,1,,test,fully_synthetic,False
fully_synthetic_full_synthetic_014567,fully_synthetic/full_synthetic_014567.png,1,,train,fully_synthetic,False
fully_synthetic_full_synthetic_014584,fully_synthetic/full_synthetic_014584.png,1,,train,fully_synthetic,False
fully_synthetic_full_synthetic_014731,fully_synthetic/full_synthetic_014731.png,1,,train,fully_synthetic,False
fully_synthetic_full_synthetic_014767,fully_synthetic/full_synthetic_014767.png,1,,train,fully_synthetic,False
fully_synthetic_full_synthetic_014886,fully_synthetic/full_synthetic_014886.png,1,,test,fully_synthetic,False
fully_synthetic_full_synthetic_015002,fully_synthetic/full_synthetic_015002.png,1,,train,fully_synthetic,False
fully_synthetic_full_synthetic_015076,fully_synthetic/full_synthetic_015076.png,1,,train,fully_synthetic,False
fully_synthetic_full_synthetic_015140,fully_synthetic/full_synthetic_015140.png,1,,train,fully_synthetic,False
fully_synthetic_full_synthetic_015220,fully_synthetic/full_synthetic_015220.png,1,,train,fully_synthetic,False
fully_synthetic_full_synthetic_015255,fully_synthetic/full_synthetic_015255.png,1,,val,fully_synthetic,False
fully_synthetic_full_synthetic_015325,fully_synthetic/full_synthetic_015325.png,1,,train,fully_synthetic,False
fully_synthetic_full_synthetic_015371,fully_synthetic/full_synthetic_015371.png,1,,train,fully_synthetic,False
fully_synthetic_full_synthetic_015557,fully_synthetic/full_synthetic_015557.png,1,,train,fully_synthetic,False
fully_synthetic_full_synthetic_015710,fully_synthetic/full_synthetic_015710.png,1,,train,fully_synthetic,False
fully_synthetic_full_synthetic_015726,fully_synthetic/full_synthetic_015726.png,1,,test,fully_synthetic,False
fully_synthetic_full_synthetic_015899,fully_synthetic/full_synthetic_015899.png,1,,train,fully_synthetic,False
fully_synthetic_full_synthetic_015918,fully_synthetic/full_synthetic_015918.png,1,,train,fully_synthetic,False
fully_synthetic_full_synthetic_015996,fully_synthetic/full_synthetic_015996.png,1,,train,fully_synthetic,False
fully_synthetic_full_synthetic_016027,fully_synthetic/full_synthetic_016027.png,1,,test,fully_synthetic,False
fully_synthetic_full_synthetic_016040,fully_synthetic/full_synthetic_016040.png,1,,train,fully_synthetic,False
fully_synthetic_full_synthetic_016097,fully_synthetic/full_synthetic_016097.png,1,,val,fully_synthetic,False
fully_synthetic_full_synthetic_016156,fully_synthetic/full_synthetic_016156.png,1,,train,fully_synthetic,False
fully_synthetic_full_synthetic_016238,fully_synthetic/full_synthetic_016238.png,1,,train,fully_synthetic,False
fully_synthetic_full_synthetic_016363,fully_synthetic/full_synthetic_016363.png,1,,test,fully_synthetic,False
fully_synthetic_full_synthetic_016388,fully_synthetic/full_synthetic_016388.png,1,,train,fully_synthetic,False
fully_synthetic_full_synthetic_016441,fully_synthetic/full_synthetic_016441.png,1,,train,fully_synthetic,False
fully_synthetic_full_synthetic_016531,fully_synthetic/full_synthetic_016531.png,1,,test,fully_synthetic,False
fully_synthetic_full_synthetic_016597,fully_synthetic/full_synthetic_016597.png,1,,train,fully_synthetic,False
fully_synthetic_full_synthetic_016781,fully_synthetic/full_synthetic_016781.png,1,,train,fully_synthetic,False
fully_synthetic_full_synthetic_016901,fully_synthetic/full_synthetic_016901.png,1,,train,fully_synthetic,False
fully_synthetic_full_synthetic_017018,fully_synthetic/full_synthetic_017018.png,1,,train,fully_synthetic,False
fully_synthetic_full_synthetic_017054,fully_synthetic/full_synthetic_017054.png,1,,train,fully_synthetic,False
fully_synthetic_full_synthetic_017116,fully_synthetic/full_synthetic_017116.png,1,,test,fully_synthetic,False
fully_synthetic_full_synthetic_017262,fully_synthetic/full_synthetic_017262.png,1,,test,fully_synthetic,False
fully_synthetic_full_synthetic_017396,fully_synthetic/full_synthetic_017396.png,1,,test,fully_synthetic,False
fully_synthetic_full_synthetic_017480,fully_synthetic/full_synthetic_017480.png,1,,val,fully_synthetic,False
fully_synthetic_full_synthetic_017518,fully_synthetic/full_synthetic_017518.png,1,,train,fully_synthetic,False
fully_synthetic_full_synthetic_017632,fully_synthetic/full_synthetic_017632.png,1,,train,fully_synthetic,False
fully_synthetic_full_synthetic_017637,fully_synthetic/full_synthetic_017637.png,1,,train,fully_synthetic,False
fully_synthetic_full_synthetic_017660,fully_synthetic/full_synthetic_017660.png,1,,test,fully_synthetic,False
fully_synthetic_full_synthetic_017681,fully_synthetic/full_synthetic_017681.png,1,,train,fully_synthetic,False
fully_synthetic_full_synthetic_017829,fully_synthetic/full_synthetic_017829.png,1,,train,fully_synthetic,False
fully_synthetic_full_synthetic_017914,fully_synthetic/full_synthetic_017914.png,1,,train,fully_synthetic,False
fully_synthetic_full_synthetic_018125,fully_synthetic/full_synthetic_018125.png,1,,train,fully_synthetic,False
fully_synthetic_full_synthetic_018237,fully_synthetic/full_synthetic_018237.png,1,,train,fully_synthetic,False
fully_synthetic_full_synthetic_018250,fully_synthetic/full_synthetic_018250.png,1,,test,fully_synthetic,False
fully_synthetic_full_synthetic_018266,fully_synthetic/full_synthetic_018266.png,1,,train,fully_synthetic,False
fully_synthetic_full_synthetic_018290,fully_synthetic/full_synthetic_018290.png,1,,train,fully_synthetic,False
fully_synthetic_full_synthetic_018306,fully_synthetic/full_synthetic_018306.png,1,,train,fully_synthetic,False
fully_synthetic_full_synthetic_018330,fully_synthetic/full_synthetic_018330.png,1,,train,fully_synthetic,False
fully_synthetic_full_synthetic_018449,fully_synthetic/full_synthetic_018449.png,1,,train,fully_synthetic,False
fully_synthetic_full_synthetic_018536,fully_synthetic/full_synthetic_018536.png,1,,train,fully_synthetic,False
fully_synthetic_full_synthetic_018612,fully_synthetic/full_synthetic_018612.png,1,,train,fully_synthetic,False
fully_synthetic_full_synthetic_018703,fully_synthetic/full_synthetic_018703.png,1,,val,fully_synthetic,False
fully_synthetic_full_synthetic_018736,fully_synthetic/full_synthetic_018736.png,1,,train,fully_synthetic,False
fully_synthetic_full_synthetic_018777,fully_synthetic/full_synthetic_018777.png,1,,train,fully_synthetic,False
fully_synthetic_full_synthetic_018799,fully_synthetic/full_synthetic_018799.png,1,,train,fully_synthetic,False
fully_synthetic_full_synthetic_018880,fully_synthetic/full_synthetic_018880.png,1,,val,fully_synthetic,False
fully_synthetic_full_synthetic_018882,fully_synthetic/full_synthetic_018882.png,1,,val,fully_synthetic,False
fully_synthetic_full_synthetic_018891,fully_synthetic/full_synthetic_018891.png,1,,train,fully_synthetic,False
fully_synthetic_full_synthetic_018926,fully_synthetic/full_synthetic_018926.png,1,,train,fully_synthetic,False
fully_synthetic_full_synthetic_018958,fully_synthetic/full_synthetic_018958.png,1,,train,fully_synthetic,False
fully_synthetic_full_synthetic_019051,fully_synthetic/full_synthetic_019051.png,1,,train,fully_synthetic,False
fully_synthetic_full_synthetic_019116,fully_synthetic/full_synthetic_019116.png,1,,val,fully_synthetic,False
fully_synthetic_full_synthetic_019158,fully_synthetic/full_synthetic_019158.png,1,,train,fully_synthetic,False
fully_synthetic_full_synthetic_019164,fully_synthetic/full_synthetic_019164.png,1,,train,fully_synthetic,False
fully_synthetic_full_synthetic_019173,fully_synthetic/full_synthetic_019173.png,1,,train,fully_synthetic,False
fully_synthetic_full_synthetic_019318,fully_synthetic/full_synthetic_019318.png,1,,train,fully_synthetic,False
fully_synthetic_full_synthetic_019416,fully_synthetic/full_synthetic_019416.png,1,,test,fully_synthetic,False
fully_synthetic_full_synthetic_019429,fully_synthetic/full_synthetic_019429.png,1,,train,fully_synthetic,False
fully_synthetic_full_synthetic_019475,fully_synthetic/full_synthetic_019475.png,1,,train,fully_synthetic,False
fully_synthetic_full_synthetic_019541,fully_synthetic/full_synthetic_019541.png,1,,train,fully_synthetic,False
fully_synthetic_full_synthetic_019548,fully_synthetic/full_synthetic_019548.png,1,,train,fully_synthetic,False
fully_synthetic_full_synthetic_019586,fully_synthetic/full_synthetic_019586.png,1,,train,fully_synthetic,False
fully_synthetic_full_synthetic_019592,fully_synthetic/full_synthetic_019592.png,1,,train,fully_synthetic,False
fully_synthetic_full_synthetic_019609,fully_synthetic/full_synthetic_019609.png,1,,train,fully_synthetic,False
fully_synthetic_full_synthetic_019681,fully_synthetic/full_synthetic_019681.png,1,,train,fully_synthetic,False
fully_synthetic_full_synthetic_019781,fully_synthetic/full_synthetic_019781.png,1,,val,fully_synthetic,False
fully_synthetic_full_synthetic_019867,fully_synthetic/full_synthetic_019867.png,1,,train,fully_synthetic,False
fully_synthetic_full_synthetic_019921,fully_synthetic/full_synthetic_019921.png,1,,train,fully_synthetic,False
fully_synthetic_full_synthetic_020035,fully_synthetic/full_synthetic_020035.png,1,,train,fully_synthetic,False
fully_synthetic_full_synthetic_020086,fully_synthetic/full_synthetic_020086.png,1,,val,fully_synthetic,False
fully_synthetic_full_synthetic_020137,fully_synthetic/full_synthetic_020137.png,1,,train,fully_synthetic,False
fully_synthetic_full_synthetic_020167,fully_synthetic/full_synthetic_020167.png,1,,train,fully_synthetic,False
fully_synthetic_full_synthetic_020520,fully_synthetic/full_synthetic_020520.png,1,,train,fully_synthetic,False
fully_synthetic_full_synthetic_020643,fully_synthetic/full_synthetic_020643.png,1,,val,fully_synthetic,False
fully_synthetic_full_synthetic_020766,fully_synthetic/full_synthetic_020766.png,1,,test,fully_synthetic,False
fully_synthetic_full_synthetic_020847,fully_synthetic/full_synthetic_020847.png,1,,train,fully_synthetic,False
fully_synthetic_full_synthetic_020973,fully_synthetic/full_synthetic_020973.png,1,,train,fully_synthetic,False
fully_synthetic_full_synthetic_020985,fully_synthetic/full_synthetic_020985.png,1,,train,fully_synthetic,False
fully_synthetic_full_synthetic_021025,fully_synthetic/full_synthetic_021025.png,1,,train,fully_synthetic,False
fully_synthetic_full_synthetic_021032,fully_synthetic/full_synthetic_021032.png,1,,train,fully_synthetic,False
fully_synthetic_full_synthetic_021054,fully_synthetic/full_synthetic_021054.png,1,,train,fully_synthetic,False
fully_synthetic_full_synthetic_021074,fully_synthetic/full_synthetic_021074.png,1,,train,fully_synthetic,False
fully_synthetic_full_synthetic_021089,fully_synthetic/full_synthetic_021089.png,1,,test,fully_synthetic,False
fully_synthetic_full_synthetic_021252,fully_synthetic/full_synthetic_021252.png,1,,train,fully_synthetic,False
fully_synthetic_full_synthetic_021301,fully_synthetic/full_synthetic_021301.png,1,,val,fully_synthetic,False
fully_synthetic_full_synthetic_021308,fully_synthetic/full_synthetic_021308.png,1,,train,fully_synthetic,False
fully_synthetic_full_synthetic_021382,fully_synthetic/full_synthetic_021382.png,1,,train,fully_synthetic,False
fully_synthetic_full_synthetic_021658,fully_synthetic/full_synthetic_021658.png,1,,train,fully_synthetic,False
fully_synthetic_full_synthetic_021669,fully_synthetic/full_synthetic_021669.png,1,,val,fully_synthetic,False
fully_synthetic_full_synthetic_021739,fully_synthetic/full_synthetic_021739.png,1,,train,fully_synthetic,False
fully_synthetic_full_synthetic_021902,fully_synthetic/full_synthetic_021902.png,1,,train,fully_synthetic,False
fully_synthetic_full_synthetic_021930,fully_synthetic/full_synthetic_021930.png,1,,test,fully_synthetic,False
fully_synthetic_full_synthetic_022441,fully_synthetic/full_synthetic_022441.png,1,,val,fully_synthetic,False
fully_synthetic_full_synthetic_022455,fully_synthetic/full_synthetic_022455.png,1,,train,fully_synthetic,False
fully_synthetic_full_synthetic_022469,fully_synthetic/full_synthetic_022469.png,1,,test,fully_synthetic,False
fully_synthetic_full_synthetic_022543,fully_synthetic/full_synthetic_022543.png,1,,train,fully_synthetic,False
fully_synthetic_full_synthetic_022632,fully_synthetic/full_synthetic_022632.png,1,,train,fully_synthetic,False
fully_synthetic_full_synthetic_022706,fully_synthetic/full_synthetic_022706.png,1,,train,fully_synthetic,False
fully_synthetic_full_synthetic_022729,fully_synthetic/full_synthetic_022729.png,1,,train,fully_synthetic,False
fully_synthetic_full_synthetic_022774,fully_synthetic/full_synthetic_022774.png,1,,train,fully_synthetic,False
fully_synthetic_full_synthetic_022789,fully_synthetic/full_synthetic_022789.png,1,,val,fully_synthetic,False
fully_synthetic_full_synthetic_022796,fully_synthetic/full_synthetic_022796.png,1,,train,fully_synthetic,False
fully_synthetic_full_synthetic_023129,fully_synthetic/full_synthetic_023129.png,1,,train,fully_synthetic,False
fully_synthetic_full_synthetic_023151,fully_synthetic/full_synthetic_023151.png,1,,train,fully_synthetic,False
fully_synthetic_full_synthetic_023447,fully_synthetic/full_synthetic_023447.png,1,,train,fully_synthetic,False
fully_synthetic_full_synthetic_023606,fully_synthetic/full_synthetic_023606.png,1,,train,fully_synthetic,False
fully_synthetic_full_synthetic_023621,fully_synthetic/full_synthetic_023621.png,1,,val,fully_synthetic,False
fully_synthetic_full_synthetic_023635,fully_synthetic/full_synthetic_023635.png,1,,train,fully_synthetic,False
fully_synthetic_full_synthetic_023679,fully_synthetic/full_synthetic_023679.png,1,,val,fully_synthetic,False
fully_synthetic_full_synthetic_023705,fully_synthetic/full_synthetic_023705.png,1,,train,fully_synthetic,False
fully_synthetic_full_synthetic_023739,fully_synthetic/full_synthetic_023739.png,1,,train,fully_synthetic,False
fully_synthetic_full_synthetic_023802,fully_synthetic/full_synthetic_023802.png,1,,train,fully_synthetic,False
fully_synthetic_full_synthetic_023833,fully_synthetic/full_synthetic_023833.png,1,,train,fully_synthetic,False
fully_synthetic_full_synthetic_023861,fully_synthetic/full_synthetic_023861.png,1,,train,fully_synthetic,False
fully_synthetic_full_synthetic_023981,fully_synthetic/full_synthetic_023981.png,1,,test,fully_synthetic,False
fully_synthetic_full_synthetic_024086,fully_synthetic/full_synthetic_024086.png,1,,train,fully_synthetic,False
fully_synthetic_full_synthetic_024100,fully_synthetic/full_synthetic_024100.png,1,,train,fully_synthetic,False
fully_synthetic_full_synthetic_024111,fully_synthetic/full_synthetic_024111.png,1,,train,fully_synthetic,False
fully_synthetic_full_synthetic_024223,fully_synthetic/full_synthetic_024223.png,1,,train,fully_synthetic,False
fully_synthetic_full_synthetic_024289,fully_synthetic/full_synthetic_024289.png,1,,train,fully_synthetic,False
fully_synthetic_full_synthetic_024383,fully_synthetic/full_synthetic_024383.png,1,,train,fully_synthetic,False
fully_synthetic_full_synthetic_024452,fully_synthetic/full_synthetic_024452.png,1,,train,fully_synthetic,False
fully_synthetic_full_synthetic_024675,fully_synthetic/full_synthetic_024675.png,1,,train,fully_synthetic,False
fully_synthetic_full_synthetic_024866,fully_synthetic/full_synthetic_024866.png,1,,train,fully_synthetic,False
fully_synthetic_full_synthetic_024971,fully_synthetic/full_synthetic_024971.png,1,,train,fully_synthetic,False
fully_synthetic_full_synthetic_025027,fully_synthetic/full_synthetic_025027.png,1,,train,fully_synthetic,False
fully_synthetic_full_synthetic_025085,fully_synthetic/full_synthetic_025085.png,1,,test,fully_synthetic,False
fully_synthetic_full_synthetic_025176,fully_synthetic/full_synthetic_025176.png,1,,train,fully_synthetic,False
fully_synthetic_full_synthetic_025199,fully_synthetic/full_synthetic_025199.png,1,,train,fully_synthetic,False
fully_synthetic_full_synthetic_025219,fully_synthetic/full_synthetic_025219.png,1,,test,fully_synthetic,False
fully_synthetic_full_synthetic_025458,fully_synthetic/full_synthetic_025458.png,1,,train,fully_synthetic,False
fully_synthetic_full_synthetic_025507,fully_synthetic/full_synthetic_025507.png,1,,train,fully_synthetic,False
fully_synthetic_full_synthetic_025519,fully_synthetic/full_synthetic_025519.png,1,,train,fully_synthetic,False
fully_synthetic_full_synthetic_025644,fully_synthetic/full_synthetic_025644.png,1,,train,fully_synthetic,False
fully_synthetic_full_synthetic_025726,fully_synthetic/full_synthetic_025726.png,1,,train,fully_synthetic,False
fully_synthetic_full_synthetic_025787,fully_synthetic/full_synthetic_025787.png,1,,train,fully_synthetic,False
fully_synthetic_full_synthetic_025843,fully_synthetic/full_synthetic_025843.png,1,,train,fully_synthetic,False
fully_synthetic_full_synthetic_026086,fully_synthetic/full_synthetic_026086.png,1,,test,fully_synthetic,False
fully_synthetic_full_synthetic_026093,fully_synthetic/full_synthetic_026093.png,1,,train,fully_synthetic,False
fully_synthetic_full_synthetic_026187,fully_synthetic/full_synthetic_026187.png,1,,train,fully_synthetic,False
fully_synthetic_full_synthetic_026190,fully_synthetic/full_synthetic_026190.png,1,,train,fully_synthetic,False
fully_synthetic_full_synthetic_026191,fully_synthetic/full_synthetic_026191.png,1,,train,fully_synthetic,False
fully_synthetic_full_synthetic_026225,fully_synthetic/full_synthetic_026225.png,1,,train,fully_synthetic,False
fully_synthetic_full_synthetic_026398,fully_synthetic/full_synthetic_026398.png,1,,train,fully_synthetic,False
fully_synthetic_full_synthetic_026459,fully_synthetic/full_synthetic_026459.png,1,,train,fully_synthetic,False
fully_synthetic_full_synthetic_026480,fully_synthetic/full_synthetic_026480.png,1,,train,fully_synthetic,False
fully_synthetic_full_synthetic_026536,fully_synthetic/full_synthetic_026536.png,1,,train,fully_synthetic,False
fully_synthetic_full_synthetic_026575,fully_synthetic/full_synthetic_026575.png,1,,train,fully_synthetic,False
fully_synthetic_full_synthetic_026628,fully_synthetic/full_synthetic_026628.png,1,,train,fully_synthetic,False
fully_synthetic_full_synthetic_026675,fully_synthetic/full_synthetic_026675.png,1,,train,fully_synthetic,False
fully_synthetic_full_synthetic_026821,fully_synthetic/full_synthetic_026821.png,1,,train,fully_synthetic,False
fully_synthetic_full_synthetic_026833,fully_synthetic/full_synthetic_026833.png,1,,train,fully_synthetic,False
fully_synthetic_full_synthetic_026871,fully_synthetic/full_synthetic_026871.png,1,,train,fully_synthetic,False
fully_synthetic_full_synthetic_026906,fully_synthetic/full_synthetic_026906.png,1,,train,fully_synthetic,False
fully_synthetic_full_synthetic_027056,fully_synthetic/full_synthetic_027056.png,1,,train,fully_synthetic,False
fully_synthetic_full_synthetic_027249,fully_synthetic/full_synthetic_027249.png,1,,train,fully_synthetic,False
fully_synthetic_full_synthetic_027316,fully_synthetic/full_synthetic_027316.png,1,,train,fully_synthetic,False
fully_synthetic_full_synthetic_027374,fully_synthetic/full_synthetic_027374.png,1,,train,fully_synthetic,False
fully_synthetic_full_synthetic_027389,fully_synthetic/full_synthetic_027389.png,1,,train,fully_synthetic,False
fully_synthetic_full_synthetic_027453,fully_synthetic/full_synthetic_027453.png,1,,train,fully_synthetic,False
fully_synthetic_full_synthetic_027469,fully_synthetic/full_synthetic_027469.png,1,,train,fully_synthetic,False
fully_synthetic_full_synthetic_027514,fully_synthetic/full_synthetic_027514.png,1,,train,fully_synthetic,False
fully_synthetic_full_synthetic_027595,fully_synthetic/full_synthetic_027595.png,1,,test,fully_synthetic,False
fully_synthetic_full_synthetic_027697,fully_synthetic/full_synthetic_027697.png,1,,train,fully_synthetic,False
fully_synthetic_full_synthetic_027705,fully_synthetic/full_synthetic_027705.png,1,,train,fully_synthetic,False
fully_synthetic_full_synthetic_027730,fully_synthetic/full_synthetic_027730.png,1,,train,fully_synthetic,False
fully_synthetic_full_synthetic_027763,fully_synthetic/full_synthetic_027763.png,1,,train,fully_synthetic,False
fully_synthetic_full_synthetic_027817,fully_synthetic/full_synthetic_027817.png,1,,train,fully_synthetic,False
fully_synthetic_full_synthetic_027887,fully_synthetic/full_synthetic_027887.png,1,,test,fully_synthetic,False
fully_synthetic_full_synthetic_027970,fully_synthetic/full_synthetic_027970.png,1,,val,fully_synthetic,False
fully_synthetic_full_synthetic_028138,fully_synthetic/full_synthetic_028138.png,1,,val,fully_synthetic,False
fully_synthetic_full_synthetic_028177,fully_synthetic/full_synthetic_028177.png,1,,train,fully_synthetic,False
fully_synthetic_full_synthetic_028202,fully_synthetic/full_synthetic_028202.png,1,,train,fully_synthetic,False
fully_synthetic_full_synthetic_028312,fully_synthetic/full_synthetic_028312.png,1,,train,fully_synthetic,False
fully_synthetic_full_synthetic_028494,fully_synthetic/full_synthetic_028494.png,1,,train,fully_synthetic,False
fully_synthetic_full_synthetic_028499,fully_synthetic/full_synthetic_028499.png,1,,train,fully_synthetic,False
fully_synthetic_full_synthetic_028526,fully_synthetic/full_synthetic_028526.png,1,,train,fully_synthetic,False
fully_synthetic_full_synthetic_028543,fully_synthetic/full_synthetic_028543.png,1,,train,fully_synthetic,False
fully_synthetic_full_synthetic_028577,fully_synthetic/full_synthetic_028577.png,1,,train,fully_synthetic,False
fully_synthetic_full_synthetic_028599,fully_synthetic/full_synthetic_028599.png,1,,test,fully_synthetic,False
fully_synthetic_full_synthetic_028613,fully_synthetic/full_synthetic_028613.png,1,,train,fully_synthetic,False
fully_synthetic_full_synthetic_028741,fully_synthetic/full_synthetic_028741.png,1,,train,fully_synthetic,False
fully_synthetic_full_synthetic_028750,fully_synthetic/full_synthetic_028750.png,1,,train,fully_synthetic,False
fully_synthetic_full_synthetic_028909,fully_synthetic/full_synthetic_028909.png,1,,train,fully_synthetic,False
fully_synthetic_full_synthetic_029082,fully_synthetic/full_synthetic_029082.png,1,,val,fully_synthetic,False
fully_synthetic_full_synthetic_029087,fully_synthetic/full_synthetic_029087.png,1,,train,fully_synthetic,False
fully_synthetic_full_synthetic_029130,fully_synthetic/full_synthetic_029130.png,1,,train,fully_synthetic,False
fully_synthetic_full_synthetic_029187,fully_synthetic/full_synthetic_029187.png,1,,train,fully_synthetic,False
fully_synthetic_full_synthetic_029203,fully_synthetic/full_synthetic_029203.png,1,,train,fully_synthetic,False
fully_synthetic_full_synthetic_029276,fully_synthetic/full_synthetic_029276.png,1,,val,fully_synthetic,False
fully_synthetic_full_synthetic_029333,fully_synthetic/full_synthetic_029333.png,1,,val,fully_synthetic,False
fully_synthetic_full_synthetic_029357,fully_synthetic/full_synthetic_029357.png,1,,train,fully_synthetic,False
fully_synthetic_full_synthetic_029365,fully_synthetic/full_synthetic_029365.png,1,,train,fully_synthetic,False
fully_synthetic_full_synthetic_029397,fully_synthetic/full_synthetic_029397.png,1,,train,fully_synthetic,False
fully_synthetic_full_synthetic_029531,fully_synthetic/full_synthetic_029531.png,1,,train,fully_synthetic,False
fully_synthetic_full_synthetic_029570,fully_synthetic/full_synthetic_029570.png,1,,train,fully_synthetic,False
fully_synthetic_full_synthetic_029573,fully_synthetic/full_synthetic_029573.png,1,,train,fully_synthetic,False
fully_synthetic_full_synthetic_029859,fully_synthetic/full_synthetic_029859.png,1,,train,fully_synthetic,False
fully_synthetic_full_synthetic_029928,fully_synthetic/full_synthetic_029928.png,1,,val,fully_synthetic,False
fully_synthetic_full_synthetic_029956,fully_synthetic/full_synthetic_029956.png,1,,train,fully_synthetic,False
fully_synthetic_full_synthetic_029991,fully_synthetic/full_synthetic_029991.png,1,,test,fully_synthetic,False
fully_synthetic_full_synthetic_030048,fully_synthetic/full_synthetic_030048.png,1,,train,fully_synthetic,False
fully_synthetic_full_synthetic_030064,fully_synthetic/full_synthetic_030064.png,1,,train,fully_synthetic,False
fully_synthetic_full_synthetic_030102,fully_synthetic/full_synthetic_030102.png,1,,train,fully_synthetic,False
fully_synthetic_full_synthetic_030167,fully_synthetic/full_synthetic_030167.png,1,,train,fully_synthetic,False
fully_synthetic_full_synthetic_030525,fully_synthetic/full_synthetic_030525.png,1,,train,fully_synthetic,False
fully_synthetic_full_synthetic_030532,fully_synthetic/full_synthetic_030532.png,1,,train,fully_synthetic,False
fully_synthetic_full_synthetic_030582,fully_synthetic/full_synthetic_030582.png,1,,train,fully_synthetic,False
fully_synthetic_full_synthetic_030589,fully_synthetic/full_synthetic_030589.png,1,,train,fully_synthetic,False
fully_synthetic_full_synthetic_030802,fully_synthetic/full_synthetic_030802.png,1,,train,fully_synthetic,False
fully_synthetic_full_synthetic_030849,fully_synthetic/full_synthetic_030849.png,1,,train,fully_synthetic,False
fully_synthetic_full_synthetic_030867,fully_synthetic/full_synthetic_030867.png,1,,train,fully_synthetic,False
fully_synthetic_full_synthetic_030930,fully_synthetic/full_synthetic_030930.png,1,,train,fully_synthetic,False
fully_synthetic_full_synthetic_030960,fully_synthetic/full_synthetic_030960.png,1,,train,fully_synthetic,False
fully_synthetic_full_synthetic_031103,fully_synthetic/full_synthetic_031103.png,1,,train,fully_synthetic,False
fully_synthetic_full_synthetic_031121,fully_synthetic/full_synthetic_031121.png,1,,train,fully_synthetic,False
fully_synthetic_full_synthetic_031141,fully_synthetic/full_synthetic_031141.png,1,,train,fully_synthetic,False
fully_synthetic_full_synthetic_031152,fully_synthetic/full_synthetic_031152.png,1,,train,fully_synthetic,False
fully_synthetic_full_synthetic_031291,fully_synthetic/full_synthetic_031291.png,1,,train,fully_synthetic,False
fully_synthetic_full_synthetic_031301,fully_synthetic/full_synthetic_031301.png,1,,train,fully_synthetic,False
fully_synthetic_full_synthetic_031701,fully_synthetic/full_synthetic_031701.png,1,,train,fully_synthetic,False
fully_synthetic_full_synthetic_031702,fully_synthetic/full_synthetic_031702.png,1,,train,fully_synthetic,False
fully_synthetic_full_synthetic_031756,fully_synthetic/full_synthetic_031756.png,1,,train,fully_synthetic,False
fully_synthetic_full_synthetic_031802,fully_synthetic/full_synthetic_031802.png,1,,train,fully_synthetic,False
fully_synthetic_full_synthetic_031861,fully_synthetic/full_synthetic_031861.png,1,,train,fully_synthetic,False
fully_synthetic_full_synthetic_031997,fully_synthetic/full_synthetic_031997.png,1,,train,fully_synthetic,False
fully_synthetic_full_synthetic_032047,fully_synthetic/full_synthetic_032047.png,1,,val,fully_synthetic,False
fully_synthetic_full_synthetic_032118,fully_synthetic/full_synthetic_032118.png,1,,train,fully_synthetic,False
fully_synthetic_full_synthetic_032141,fully_synthetic/full_synthetic_032141.png,1,,train,fully_synthetic,False
fully_synthetic_full_synthetic_032215,fully_synthetic/full_synthetic_032215.png,1,,train,fully_synthetic,False
fully_synthetic_full_synthetic_032250,fully_synthetic/full_synthetic_032250.png,1,,train,fully_synthetic,False
fully_synthetic_full_synthetic_032316,fully_synthetic/full_synthetic_032316.png,1,,train,fully_synthetic,False
fully_synthetic_full_synthetic_032324,fully_synthetic/full_synthetic_032324.png,1,,train,fully_synthetic,False
fully_synthetic_full_synthetic_032431,fully_synthetic/full_synthetic_032431.png,1,,train,fully_synthetic,False
fully_synthetic_full_synthetic_032475,fully_synthetic/full_synthetic_032475.png,1,,train,fully_synthetic,False
fully_synthetic_full_synthetic_032531,fully_synthetic/full_synthetic_032531.png,1,,test,fully_synthetic,False
fully_synthetic_full_synthetic_032555,fully_synthetic/full_synthetic_032555.png,1,,train,fully_synthetic,False
fully_synthetic_full_synthetic_032575,fully_synthetic/full_synthetic_032575.png,1,,train,fully_synthetic,False
fully_synthetic_full_synthetic_032650,fully_synthetic/full_synthetic_032650.png,1,,train,fully_synthetic,False
fully_synthetic_full_synthetic_032739,fully_synthetic/full_synthetic_032739.png,1,,train,fully_synthetic,False
fully_synthetic_full_synthetic_032768,fully_synthetic/full_synthetic_032768.png,1,,train,fully_synthetic,False
fully_synthetic_full_synthetic_032817,fully_synthetic/full_synthetic_032817.png,1,,train,fully_synthetic,False
fully_synthetic_full_synthetic_032838,fully_synthetic/full_synthetic_032838.png,1,,train,fully_synthetic,False
fully_synthetic_full_synthetic_032892,fully_synthetic/full_synthetic_032892.png,1,,train,fully_synthetic,False
fully_synthetic_full_synthetic_032915,fully_synthetic/full_synthetic_032915.png,1,,val,fully_synthetic,False
fully_synthetic_full_synthetic_033163,fully_synthetic/full_synthetic_033163.png,1,,train,fully_synthetic,False
fully_synthetic_full_synthetic_033168,fully_synthetic/full_synthetic_033168.png,1,,train,fully_synthetic,False
fully_synthetic_full_synthetic_033256,fully_synthetic/full_synthetic_033256.png,1,,val,fully_synthetic,False
fully_synthetic_full_synthetic_033324,fully_synthetic/full_synthetic_033324.png,1,,train,fully_synthetic,False
fully_synthetic_full_synthetic_033353,fully_synthetic/full_synthetic_033353.png,1,,train,fully_synthetic,False
fully_synthetic_full_synthetic_033448,fully_synthetic/full_synthetic_033448.png,1,,train,fully_synthetic,False
fully_synthetic_full_synthetic_033591,fully_synthetic/full_synthetic_033591.png,1,,test,fully_synthetic,False
fully_synthetic_full_synthetic_033650,fully_synthetic/full_synthetic_033650.png,1,,train,fully_synthetic,False
fully_synthetic_full_synthetic_033750,fully_synthetic/full_synthetic_033750.png,1,,train,fully_synthetic,False
fully_synthetic_full_synthetic_033850,fully_synthetic/full_synthetic_033850.png,1,,test,fully_synthetic,False
fully_synthetic_full_synthetic_033855,fully_synthetic/full_synthetic_033855.png,1,,train,fully_synthetic,False
fully_synthetic_full_synthetic_033974,fully_synthetic/full_synthetic_033974.png,1,,train,fully_synthetic,False
fully_synthetic_full_synthetic_034086,fully_synthetic/full_synthetic_034086.png,1,,train,fully_synthetic,False
fully_synthetic_full_synthetic_034187,fully_synthetic/full_synthetic_034187.png,1,,val,fully_synthetic,False
fully_synthetic_full_synthetic_034188,fully_synthetic/full_synthetic_034188.png,1,,train,fully_synthetic,False
fully_synthetic_full_synthetic_034225,fully_synthetic/full_synthetic_034225.png,1,,val,fully_synthetic,False
fully_synthetic_full_synthetic_034244,fully_synthetic/full_synthetic_034244.png,1,,train,fully_synthetic,False
fully_synthetic_full_synthetic_034334,fully_synthetic/full_synthetic_034334.png,1,,train,fully_synthetic,False
fully_synthetic_full_synthetic_034391,fully_synthetic/full_synthetic_034391.png,1,,train,fully_synthetic,False
fully_synthetic_full_synthetic_034450,fully_synthetic/full_synthetic_034450.png,1,,train,fully_synthetic,False
fully_synthetic_full_synthetic_034762,fully_synthetic/full_synthetic_034762.png,1,,train,fully_synthetic,False
fully_synthetic_full_synthetic_034877,fully_synthetic/full_synthetic_034877.png,1,,train,fully_synthetic,False
fully_synthetic_full_synthetic_034885,fully_synthetic/full_synthetic_034885.png,1,,val,fully_synthetic,False
fully_synthetic_full_synthetic_034945,fully_synthetic/full_synthetic_034945.png,1,,train,fully_synthetic,False
fully_synthetic_full_synthetic_034981,fully_synthetic/full_synthetic_034981.png,1,,train,fully_synthetic,False
fully_synthetic_full_synthetic_034999,fully_synthetic/full_synthetic_034999.png,1,,train,fully_synthetic,False
fully_synthetic_full_synthetic_035139,fully_synthetic/full_synthetic_035139.png,1,,train,fully_synthetic,False
fully_synthetic_full_synthetic_035191,fully_synthetic/full_synthetic_035191.png,1,,train,fully_synthetic,False
fully_synthetic_full_synthetic_035227,fully_synthetic/full_synthetic_035227.png,1,,train,fully_synthetic,False
fully_synthetic_full_synthetic_035291,fully_synthetic/full_synthetic_035291.png,1,,val,fully_synthetic,False
fully_synthetic_full_synthetic_035334,fully_synthetic/full_synthetic_035334.png,1,,train,fully_synthetic,False
fully_synthetic_full_synthetic_035386,fully_synthetic/full_synthetic_035386.png,1,,train,fully_synthetic,False
fully_synthetic_full_synthetic_035544,fully_synthetic/full_synthetic_035544.png,1,,train,fully_synthetic,False
fully_synthetic_full_synthetic_035575,fully_synthetic/full_synthetic_035575.png,1,,train,fully_synthetic,False
fully_synthetic_full_synthetic_035746,fully_synthetic/full_synthetic_035746.png,1,,train,fully_synthetic,False
fully_synthetic_full_synthetic_035843,fully_synthetic/full_synthetic_035843.png,1,,train,fully_synthetic,False
fully_synthetic_full_synthetic_035852,fully_synthetic/full_synthetic_035852.png,1,,train,fully_synthetic,False
fully_synthetic_full_synthetic_035853,fully_synthetic/full_synthetic_035853.png,1,,val,fully_synthetic,False
fully_synthetic_full_synthetic_036088,fully_synthetic/full_synthetic_036088.png,1,,train,fully_synthetic,False
fully_synthetic_full_synthetic_036195,fully_synthetic/full_synthetic_036195.png,1,,train,fully_synthetic,False
fully_synthetic_full_synthetic_036286,fully_synthetic/full_synthetic_036286.png,1,,train,fully_synthetic,False
fully_synthetic_full_synthetic_036421,fully_synthetic/full_synthetic_036421.png,1,,train,fully_synthetic,False
fully_synthetic_full_synthetic_037033,fully_synthetic/full_synthetic_037033.png,1,,train,fully_synthetic,False
fully_synthetic_full_synthetic_037209,fully_synthetic/full_synthetic_037209.png,1,,train,fully_synthetic,False
fully_synthetic_full_synthetic_037293,fully_synthetic/full_synthetic_037293.png,1,,train,fully_synthetic,False
fully_synthetic_full_synthetic_037457,fully_synthetic/full_synthetic_037457.png,1,,train,fully_synthetic,False
fully_synthetic_full_synthetic_037498,fully_synthetic/full_synthetic_037498.png,1,,train,fully_synthetic,False
fully_synthetic_full_synthetic_037505,fully_synthetic/full_synthetic_037505.png,1,,test,fully_synthetic,False
fully_synthetic_full_synthetic_037534,fully_synthetic/full_synthetic_037534.png,1,,train,fully_synthetic,False
fully_synthetic_full_synthetic_037580,fully_synthetic/full_synthetic_037580.png,1,,train,fully_synthetic,False
fully_synthetic_full_synthetic_037661,fully_synthetic/full_synthetic_037661.png,1,,train,fully_synthetic,False
fully_synthetic_full_synthetic_037693,fully_synthetic/full_synthetic_037693.png,1,,train,fully_synthetic,False
fully_synthetic_full_synthetic_037842,fully_synthetic/full_synthetic_037842.png,1,,train,fully_synthetic,False
fully_synthetic_full_synthetic_038044,fully_synthetic/full_synthetic_038044.png,1,,train,fully_synthetic,False
fully_synthetic_full_synthetic_038119,fully_synthetic/full_synthetic_038119.png,1,,train,fully_synthetic,False
fully_synthetic_full_synthetic_038160,fully_synthetic/full_synthetic_038160.png,1,,train,fully_synthetic,False
fully_synthetic_full_synthetic_038176,fully_synthetic/full_synthetic_038176.png,1,,train,fully_synthetic,False
fully_synthetic_full_synthetic_038195,fully_synthetic/full_synthetic_038195.png,1,,train,fully_synthetic,False
fully_synthetic_full_synthetic_038211,fully_synthetic/full_synthetic_038211.png,1,,train,fully_synthetic,False
fully_synthetic_full_synthetic_038220,fully_synthetic/full_synthetic_038220.png,1,,train,fully_synthetic,False
fully_synthetic_full_synthetic_038548,fully_synthetic/full_synthetic_038548.png,1,,train,fully_synthetic,False
fully_synthetic_full_synthetic_038725,fully_synthetic/full_synthetic_038725.png,1,,train,fully_synthetic,False
fully_synthetic_full_synthetic_038775,fully_synthetic/full_synthetic_038775.png,1,,train,fully_synthetic,False
fully_synthetic_full_synthetic_038783,fully_synthetic/full_synthetic_038783.png,1,,train,fully_synthetic,False
fully_synthetic_full_synthetic_038817,fully_synthetic/full_synthetic_038817.png,1,,train,fully_synthetic,False
fully_synthetic_full_synthetic_038928,fully_synthetic/full_synthetic_038928.png,1,,train,fully_synthetic,False
fully_synthetic_full_synthetic_038981,fully_synthetic/full_synthetic_038981.png,1,,train,fully_synthetic,False
fully_synthetic_full_synthetic_039046,fully_synthetic/full_synthetic_039046.png,1,,train,fully_synthetic,False
fully_synthetic_full_synthetic_039094,fully_synthetic/full_synthetic_039094.png,1,,train,fully_synthetic,False
fully_synthetic_full_synthetic_039261,fully_synthetic/full_synthetic_039261.png,1,,train,fully_synthetic,False
fully_synthetic_full_synthetic_039263,fully_synthetic/full_synthetic_039263.png,1,,train,fully_synthetic,False
fully_synthetic_full_synthetic_039347,fully_synthetic/full_synthetic_039347.png,1,,val,fully_synthetic,False
fully_synthetic_full_synthetic_039411,fully_synthetic/full_synthetic_039411.png,1,,train,fully_synthetic,False
fully_synthetic_full_synthetic_039429,fully_synthetic/full_synthetic_039429.png,1,,train,fully_synthetic,False
fully_synthetic_full_synthetic_039741,fully_synthetic/full_synthetic_039741.png,1,,train,fully_synthetic,False
fully_synthetic_full_synthetic_039788,fully_synthetic/full_synthetic_039788.png,1,,train,fully_synthetic,False
fully_synthetic_full_synthetic_039972,fully_synthetic/full_synthetic_039972.png,1,,val,fully_synthetic,False
fully_synthetic_full_synthetic_040012,fully_synthetic/full_synthetic_040012.png,1,,test,fully_synthetic,False
fully_synthetic_full_synthetic_040065,fully_synthetic/full_synthetic_040065.png,1,,train,fully_synthetic,False
fully_synthetic_full_synthetic_040206,fully_synthetic/full_synthetic_040206.png,1,,train,fully_synthetic,False
fully_synthetic_full_synthetic_040306,fully_synthetic/full_synthetic_040306.png,1,,train,fully_synthetic,False
fully_synthetic_full_synthetic_040324,fully_synthetic/full_synthetic_040324.png,1,,val,fully_synthetic,False
fully_synthetic_full_synthetic_040510,fully_synthetic/full_synthetic_040510.png,1,,val,fully_synthetic,False
fully_synthetic_full_synthetic_040560,fully_synthetic/full_synthetic_040560.png,1,,train,fully_synthetic,False
fully_synthetic_full_synthetic_040598,fully_synthetic/full_synthetic_040598.png,1,,val,fully_synthetic,False
fully_synthetic_full_synthetic_040703,fully_synthetic/full_synthetic_040703.png,1,,train,fully_synthetic,False
fully_synthetic_full_synthetic_040744,fully_synthetic/full_synthetic_040744.png,1,,train,fully_synthetic,False
fully_synthetic_full_synthetic_040759,fully_synthetic/full_synthetic_040759.png,1,,train,fully_synthetic,False
fully_synthetic_full_synthetic_040769,fully_synthetic/full_synthetic_040769.png,1,,val,fully_synthetic,False
fully_synthetic_full_synthetic_040887,fully_synthetic/full_synthetic_040887.png,1,,train,fully_synthetic,False
fully_synthetic_full_synthetic_040957,fully_synthetic/full_synthetic_040957.png,1,,train,fully_synthetic,False
fully_synthetic_full_synthetic_040967,fully_synthetic/full_synthetic_040967.png,1,,train,fully_synthetic,False
fully_synthetic_full_synthetic_041039,fully_synthetic/full_synthetic_041039.png,1,,test,fully_synthetic,False
fully_synthetic_full_synthetic_041145,fully_synthetic/full_synthetic_041145.png,1,,train,fully_synthetic,False
fully_synthetic_full_synthetic_041148,fully_synthetic/full_synthetic_041148.png,1,,train,fully_synthetic,False
fully_synthetic_full_synthetic_041187,fully_synthetic/full_synthetic_041187.png,1,,train,fully_synthetic,False
fully_synthetic_full_synthetic_041216,fully_synthetic/full_synthetic_041216.png,1,,train,fully_synthetic,False
fully_synthetic_full_synthetic_041272,fully_synthetic/full_synthetic_041272.png,1,,train,fully_synthetic,False
fully_synthetic_full_synthetic_041334,fully_synthetic/full_synthetic_041334.png,1,,train,fully_synthetic,False
fully_synthetic_full_synthetic_041348,fully_synthetic/full_synthetic_041348.png,1,,train,fully_synthetic,False
fully_synthetic_full_synthetic_041350,fully_synthetic/full_synthetic_041350.png,1,,train,fully_synthetic,False
fully_synthetic_full_synthetic_041428,fully_synthetic/full_synthetic_041428.png,1,,train,fully_synthetic,False
fully_synthetic_full_synthetic_041483,fully_synthetic/full_synthetic_041483.png,1,,train,fully_synthetic,False
fully_synthetic_full_synthetic_041550,fully_synthetic/full_synthetic_041550.png,1,,train,fully_synthetic,False
fully_synthetic_full_synthetic_041722,fully_synthetic/full_synthetic_041722.png,1,,test,fully_synthetic,False
fully_synthetic_full_synthetic_041859,fully_synthetic/full_synthetic_041859.png,1,,train,fully_synthetic,False
fully_synthetic_full_synthetic_041927,fully_synthetic/full_synthetic_041927.png,1,,train,fully_synthetic,False
fully_synthetic_full_synthetic_041954,fully_synthetic/full_synthetic_041954.png,1,,train,fully_synthetic,False
fully_synthetic_full_synthetic_042086,fully_synthetic/full_synthetic_042086.png,1,,train,fully_synthetic,False
fully_synthetic_full_synthetic_042163,fully_synthetic/full_synthetic_042163.png,1,,train,fully_synthetic,False
fully_synthetic_full_synthetic_042444,fully_synthetic/full_synthetic_042444.png,1,,train,fully_synthetic,False
fully_synthetic_full_synthetic_042474,fully_synthetic/full_synthetic_042474.png,1,,val,fully_synthetic,False
fully_synthetic_full_synthetic_042502,fully_synthetic/full_synthetic_042502.png,1,,train,fully_synthetic,False
fully_synthetic_full_synthetic_042550,fully_synthetic/full_synthetic_042550.png,1,,train,fully_synthetic,False
fully_synthetic_full_synthetic_042733,fully_synthetic/full_synthetic_042733.png,1,,train,fully_synthetic,False
fully_synthetic_full_synthetic_042779,fully_synthetic/full_synthetic_042779.png,1,,test,fully_synthetic,False
fully_synthetic_full_synthetic_042821,fully_synthetic/full_synthetic_042821.png,1,,train,fully_synthetic,False
fully_synthetic_full_synthetic_042841,fully_synthetic/full_synthetic_042841.png,1,,train,fully_synthetic,False
fully_synthetic_full_synthetic_042929,fully_synthetic/full_synthetic_042929.png,1,,train,fully_synthetic,False
fully_synthetic_full_synthetic_042939,fully_synthetic/full_synthetic_042939.png,1,,train,fully_synthetic,False
fully_synthetic_full_synthetic_043119,fully_synthetic/full_synthetic_043119.png,1,,train,fully_synthetic,False
fully_synthetic_full_synthetic_043158,fully_synthetic/full_synthetic_043158.png,1,,train,fully_synthetic,False
fully_synthetic_full_synthetic_043239,fully_synthetic/full_synthetic_043239.png,1,,train,fully_synthetic,False
fully_synthetic_full_synthetic_043353,fully_synthetic/full_synthetic_043353.png,1,,val,fully_synthetic,False
fully_synthetic_full_synthetic_043467,fully_synthetic/full_synthetic_043467.png,1,,train,fully_synthetic,False
fully_synthetic_full_synthetic_043619,fully_synthetic/full_synthetic_043619.png,1,,train,fully_synthetic,False
fully_synthetic_full_synthetic_043717,fully_synthetic/full_synthetic_043717.png,1,,train,fully_synthetic,False
fully_synthetic_full_synthetic_043724,fully_synthetic/full_synthetic_043724.png,1,,train,fully_synthetic,False
fully_synthetic_full_synthetic_043855,fully_synthetic/full_synthetic_043855.png,1,,train,fully_synthetic,False
fully_synthetic_full_synthetic_043868,fully_synthetic/full_synthetic_043868.png,1,,test,fully_synthetic,False
fully_synthetic_full_synthetic_043869,fully_synthetic/full_synthetic_043869.png,1,,train,fully_synthetic,False
fully_synthetic_full_synthetic_044115,fully_synthetic/full_synthetic_044115.png,1,,train,fully_synthetic,False
fully_synthetic_full_synthetic_044129,fully_synthetic/full_synthetic_044129.png,1,,test,fully_synthetic,False
fully_synthetic_full_synthetic_044189,fully_synthetic/full_synthetic_044189.png,1,,train,fully_synthetic,False
fully_synthetic_full_synthetic_044203,fully_synthetic/full_synthetic_044203.png,1,,train,fully_synthetic,False
fully_synthetic_full_synthetic_044256,fully_synthetic/full_synthetic_044256.png,1,,train,fully_synthetic,False
fully_synthetic_full_synthetic_044376,fully_synthetic/full_synthetic_044376.png,1,,train,fully_synthetic,False
fully_synthetic_full_synthetic_044400,fully_synthetic/full_synthetic_044400.png,1,,train,fully_synthetic,False
fully_synthetic_full_synthetic_044493,fully_synthetic/full_synthetic_044493.png,1,,train,fully_synthetic,False
fully_synthetic_full_synthetic_044605,fully_synthetic/full_synthetic_044605.png,1,,val,fully_synthetic,False
fully_synthetic_full_synthetic_044696,fully_synthetic/full_synthetic_044696.png,1,,val,fully_synthetic,False
fully_synthetic_full_synthetic_044822,fully_synthetic/full_synthetic_044822.png,1,,train,fully_synthetic,False
fully_synthetic_full_synthetic_044840,fully_synthetic/full_synthetic_044840.png,1,,train,fully_synthetic,False
fully_synthetic_full_synthetic_044900,fully_synthetic/full_synthetic_044900.png,1,,train,fully_synthetic,False
fully_synthetic_full_synthetic_044959,fully_synthetic/full_synthetic_044959.png,1,,train,fully_synthetic,False
fully_synthetic_full_synthetic_045024,fully_synthetic/full_synthetic_045024.png,1,,train,fully_synthetic,False
fully_synthetic_full_synthetic_045082,fully_synthetic/full_synthetic_045082.png,1,,train,fully_synthetic,False
fully_synthetic_full_synthetic_045129,fully_synthetic/full_synthetic_045129.png,1,,train,fully_synthetic,False
fully_synthetic_full_synthetic_045194,fully_synthetic/full_synthetic_045194.png,1,,train,fully_synthetic,False
fully_synthetic_full_synthetic_045212,fully_synthetic/full_synthetic_045212.png,1,,train,fully_synthetic,False
fully_synthetic_full_synthetic_045226,fully_synthetic/full_synthetic_045226.png,1,,train,fully_synthetic,False
fully_synthetic_full_synthetic_045319,fully_synthetic/full_synthetic_045319.png,1,,train,fully_synthetic,False
fully_synthetic_full_synthetic_045331,fully_synthetic/full_synthetic_045331.png,1,,train,fully_synthetic,False
fully_synthetic_full_synthetic_045375,fully_synthetic/full_synthetic_045375.png,1,,train,fully_synthetic,False
fully_synthetic_full_synthetic_045501,fully_synthetic/full_synthetic_045501.png,1,,train,fully_synthetic,False
fully_synthetic_full_synthetic_045528,fully_synthetic/full_synthetic_045528.png,1,,train,fully_synthetic,False
fully_synthetic_full_synthetic_045566,fully_synthetic/full_synthetic_045566.png,1,,train,fully_synthetic,False
fully_synthetic_full_synthetic_045749,fully_synthetic/full_synthetic_045749.png,1,,train,fully_synthetic,False
fully_synthetic_full_synthetic_045864,fully_synthetic/full_synthetic_045864.png,1,,train,fully_synthetic,False
fully_synthetic_full_synthetic_045908,fully_synthetic/full_synthetic_045908.png,1,,train,fully_synthetic,False
fully_synthetic_full_synthetic_045910,fully_synthetic/full_synthetic_045910.png,1,,train,fully_synthetic,False
fully_synthetic_full_synthetic_045950,fully_synthetic/full_synthetic_045950.png,1,,val,fully_synthetic,False
fully_synthetic_full_synthetic_046094,fully_synthetic/full_synthetic_046094.png,1,,train,fully_synthetic,False
fully_synthetic_full_synthetic_046167,fully_synthetic/full_synthetic_046167.png,1,,train,fully_synthetic,False
fully_synthetic_full_synthetic_046242,fully_synthetic/full_synthetic_046242.png,1,,train,fully_synthetic,False
fully_synthetic_full_synthetic_046407,fully_synthetic/full_synthetic_046407.png,1,,train,fully_synthetic,False
fully_synthetic_full_synthetic_046416,fully_synthetic/full_synthetic_046416.png,1,,train,fully_synthetic,False
fully_synthetic_full_synthetic_046499,fully_synthetic/full_synthetic_046499.png,1,,train,fully_synthetic,False
fully_synthetic_full_synthetic_046688,fully_synthetic/full_synthetic_046688.png,1,,test,fully_synthetic,False
fully_synthetic_full_synthetic_046827,fully_synthetic/full_synthetic_046827.png,1,,train,fully_synthetic,False
fully_synthetic_full_synthetic_046853,fully_synthetic/full_synthetic_046853.png,1,,train,fully_synthetic,False
fully_synthetic_full_synthetic_046919,fully_synthetic/full_synthetic_046919.png,1,,train,fully_synthetic,False
fully_synthetic_full_synthetic_047026,fully_synthetic/full_synthetic_047026.png,1,,train,fully_synthetic,False
fully_synthetic_full_synthetic_047063,fully_synthetic/full_synthetic_047063.png,1,,train,fully_synthetic,False
fully_synthetic_full_synthetic_047173,fully_synthetic/full_synthetic_047173.png,1,,train,fully_synthetic,False
fully_synthetic_full_synthetic_047188,fully_synthetic/full_synthetic_047188.png,1,,train,fully_synthetic,False
fully_synthetic_full_synthetic_047383,fully_synthetic/full_synthetic_047383.png,1,,train,fully_synthetic,False
fully_synthetic_full_synthetic_047587,fully_synthetic/full_synthetic_047587.png,1,,train,fully_synthetic,False
fully_synthetic_full_synthetic_047660,fully_synthetic/full_synthetic_047660.png,1,,train,fully_synthetic,False
fully_synthetic_full_synthetic_047663,fully_synthetic/full_synthetic_047663.png,1,,train,fully_synthetic,False
fully_synthetic_full_synthetic_047678,fully_synthetic/full_synthetic_047678.png,1,,train,fully_synthetic,False
fully_synthetic_full_synthetic_047801,fully_synthetic/full_synthetic_047801.png,1,,train,fully_synthetic,False
fully_synthetic_full_synthetic_047809,fully_synthetic/full_synthetic_047809.png,1,,train,fully_synthetic,False
fully_synthetic_full_synthetic_047820,fully_synthetic/full_synthetic_047820.png,1,,train,fully_synthetic,False
fully_synthetic_full_synthetic_047989,fully_synthetic/full_synthetic_047989.png,1,,train,fully_synthetic,False
fully_synthetic_full_synthetic_048156,fully_synthetic/full_synthetic_048156.png,1,,train,fully_synthetic,False
fully_synthetic_full_synthetic_048160,fully_synthetic/full_synthetic_048160.png,1,,train,fully_synthetic,False
fully_synthetic_full_synthetic_048283,fully_synthetic/full_synthetic_048283.png,1,,train,fully_synthetic,False
fully_synthetic_full_synthetic_048349,fully_synthetic/full_synthetic_048349.png,1,,train,fully_synthetic,False
fully_synthetic_full_synthetic_048380,fully_synthetic/full_synthetic_048380.png,1,,test,fully_synthetic,False
fully_synthetic_full_synthetic_048392,fully_synthetic/full_synthetic_048392.png,1,,train,fully_synthetic,False
fully_synthetic_full_synthetic_048430,fully_synthetic/full_synthetic_048430.png,1,,train,fully_synthetic,False
fully_synthetic_full_synthetic_048545,fully_synthetic/full_synthetic_048545.png,1,,train,fully_synthetic,False
fully_synthetic_full_synthetic_048754,fully_synthetic/full_synthetic_048754.png,1,,train,fully_synthetic,False
fully_synthetic_full_synthetic_049078,fully_synthetic/full_synthetic_049078.png,1,,train,fully_synthetic,False
fully_synthetic_full_synthetic_049109,fully_synthetic/full_synthetic_049109.png,1,,train,fully_synthetic,False
fully_synthetic_full_synthetic_049192,fully_synthetic/full_synthetic_049192.png,1,,train,fully_synthetic,False
fully_synthetic_full_synthetic_049247,fully_synthetic/full_synthetic_049247.png,1,,train,fully_synthetic,False
fully_synthetic_full_synthetic_049350,fully_synthetic/full_synthetic_049350.png,1,,test,fully_synthetic,False
fully_synthetic_full_synthetic_049399,fully_synthetic/full_synthetic_049399.png,1,,test,fully_synthetic,False
fully_synthetic_full_synthetic_049400,fully_synthetic/full_synthetic_049400.png,1,,train,fully_synthetic,False
fully_synthetic_full_synthetic_049441,fully_synthetic/full_synthetic_049441.png,1,,train,fully_synthetic,False
fully_synthetic_full_synthetic_049511,fully_synthetic/full_synthetic_049511.png,1,,test,fully_synthetic,False
fully_synthetic_full_synthetic_049778,fully_synthetic/full_synthetic_049778.png,1,,train,fully_synthetic,False
fully_synthetic_full_synthetic_049896,fully_synthetic/full_synthetic_049896.png,1,,train,fully_synthetic,False
fully_synthetic_full_synthetic_050021,fully_synthetic/full_synthetic_050021.png,1,,train,fully_synthetic,False
fully_synthetic_full_synthetic_050096,fully_synthetic/full_synthetic_050096.png,1,,train,fully_synthetic,False
fully_synthetic_full_synthetic_050180,fully_synthetic/full_synthetic_050180.png,1,,test,fully_synthetic,False
fully_synthetic_full_synthetic_050280,fully_synthetic/full_synthetic_050280.png,1,,train,fully_synthetic,False
fully_synthetic_full_synthetic_050310,fully_synthetic/full_synthetic_050310.png,1,,train,fully_synthetic,False
fully_synthetic_full_synthetic_050331,fully_synthetic/full_synthetic_050331.png,1,,test,fully_synthetic,False
fully_synthetic_full_synthetic_050379,fully_synthetic/full_synthetic_050379.png,1,,train,fully_synthetic,False
fully_synthetic_full_synthetic_050409,fully_synthetic/full_synthetic_050409.png,1,,train,fully_synthetic,False
fully_synthetic_full_synthetic_050412,fully_synthetic/full_synthetic_050412.png,1,,train,fully_synthetic,False
fully_synthetic_full_synthetic_050738,fully_synthetic/full_synthetic_050738.png,1,,train,fully_synthetic,False
fully_synthetic_full_synthetic_050786,fully_synthetic/full_synthetic_050786.png,1,,train,fully_synthetic,False
fully_synthetic_full_synthetic_050902,fully_synthetic/full_synthetic_050902.png,1,,train,fully_synthetic,False
fully_synthetic_full_synthetic_050951,fully_synthetic/full_synthetic_050951.png,1,,train,fully_synthetic,False
fully_synthetic_full_synthetic_051045,fully_synthetic/full_synthetic_051045.png,1,,train,fully_synthetic,False
fully_synthetic_full_synthetic_051137,fully_synthetic/full_synthetic_051137.png,1,,train,fully_synthetic,False
fully_synthetic_full_synthetic_051216,fully_synthetic/full_synthetic_051216.png,1,,val,fully_synthetic,False
fully_synthetic_full_synthetic_051217,fully_synthetic/full_synthetic_051217.png,1,,train,fully_synthetic,False
fully_synthetic_full_synthetic_051282,fully_synthetic/full_synthetic_051282.png,1,,train,fully_synthetic,False
fully_synthetic_full_synthetic_051367,fully_synthetic/full_synthetic_051367.png,1,,train,fully_synthetic,False
fully_synthetic_full_synthetic_051383,fully_synthetic/full_synthetic_051383.png,1,,train,fully_synthetic,False
fully_synthetic_full_synthetic_051463,fully_synthetic/full_synthetic_051463.png,1,,train,fully_synthetic,False
fully_synthetic_full_synthetic_051482,fully_synthetic/full_synthetic_051482.png,1,,train,fully_synthetic,False
fully_synthetic_full_synthetic_051533,fully_synthetic/full_synthetic_051533.png,1,,test,fully_synthetic,False
fully_synthetic_full_synthetic_051547,fully_synthetic/full_synthetic_051547.png,1,,train,fully_synthetic,False
fully_synthetic_full_synthetic_051661,fully_synthetic/full_synthetic_051661.png,1,,train,fully_synthetic,False
fully_synthetic_full_synthetic_051707,fully_synthetic/full_synthetic_051707.png,1,,train,fully_synthetic,False
fully_synthetic_full_synthetic_051798,fully_synthetic/full_synthetic_051798.png,1,,train,fully_synthetic,False
fully_synthetic_full_synthetic_051934,fully_synthetic/full_synthetic_051934.png,1,,train,fully_synthetic,False
fully_synthetic_full_synthetic_051936,fully_synthetic/full_synthetic_051936.png,1,,test,fully_synthetic,False
fully_synthetic_full_synthetic_051963,fully_synthetic/full_synthetic_051963.png,1,,train,fully_synthetic,False
fully_synthetic_full_synthetic_051968,fully_synthetic/full_synthetic_051968.png,1,,test,fully_synthetic,False
fully_synthetic_full_synthetic_052115,fully_synthetic/full_synthetic_052115.png,1,,train,fully_synthetic,False
fully_synthetic_full_synthetic_052150,fully_synthetic/full_synthetic_052150.png,1,,train,fully_synthetic,False
fully_synthetic_full_synthetic_052248,fully_synthetic/full_synthetic_052248.png,1,,train,fully_synthetic,False
fully_synthetic_full_synthetic_052270,fully_synthetic/full_synthetic_052270.png,1,,train,fully_synthetic,False
fully_synthetic_full_synthetic_052295,fully_synthetic/full_synthetic_052295.png,1,,train,fully_synthetic,False
fully_synthetic_full_synthetic_052298,fully_synthetic/full_synthetic_052298.png,1,,train,fully_synthetic,False
fully_synthetic_full_synthetic_052319,fully_synthetic/full_synthetic_052319.png,1,,test,fully_synthetic,False
fully_synthetic_full_synthetic_052412,fully_synthetic/full_synthetic_052412.png,1,,test,fully_synthetic,False
fully_synthetic_full_synthetic_052509,fully_synthetic/full_synthetic_052509.png,1,,train,fully_synthetic,False
fully_synthetic_full_synthetic_052539,fully_synthetic/full_synthetic_052539.png,1,,train,fully_synthetic,False
fully_synthetic_full_synthetic_052560,fully_synthetic/full_synthetic_052560.png,1,,train,fully_synthetic,False
fully_synthetic_full_synthetic_052621,fully_synthetic/full_synthetic_052621.png,1,,train,fully_synthetic,False
fully_synthetic_full_synthetic_052640,fully_synthetic/full_synthetic_052640.png,1,,train,fully_synthetic,False
fully_synthetic_full_synthetic_052654,fully_synthetic/full_synthetic_052654.png,1,,train,fully_synthetic,False
fully_synthetic_full_synthetic_052679,fully_synthetic/full_synthetic_052679.png,1,,train,fully_synthetic,False
fully_synthetic_full_synthetic_052736,fully_synthetic/full_synthetic_052736.png,1,,train,fully_synthetic,False
fully_synthetic_full_synthetic_052746,fully_synthetic/full_synthetic_052746.png,1,,test,fully_synthetic,False
fully_synthetic_full_synthetic_052764,fully_synthetic/full_synthetic_052764.png,1,,train,fully_synthetic,False
fully_synthetic_full_synthetic_052932,fully_synthetic/full_synthetic_052932.png,1,,train,fully_synthetic,False
fully_synthetic_full_synthetic_052946,fully_synthetic/full_synthetic_052946.png,1,,train,fully_synthetic,False
fully_synthetic_full_synthetic_052966,fully_synthetic/full_synthetic_052966.png,1,,train,fully_synthetic,False
fully_synthetic_full_synthetic_052987,fully_synthetic/full_synthetic_052987.png,1,,train,fully_synthetic,False
fully_synthetic_full_synthetic_053149,fully_synthetic/full_synthetic_053149.png,1,,test,fully_synthetic,False
fully_synthetic_full_synthetic_053188,fully_synthetic/full_synthetic_053188.png,1,,train,fully_synthetic,False
fully_synthetic_full_synthetic_053289,fully_synthetic/full_synthetic_053289.png,1,,train,fully_synthetic,False
fully_synthetic_full_synthetic_053367,fully_synthetic/full_synthetic_053367.png,1,,train,fully_synthetic,False
fully_synthetic_full_synthetic_053496,fully_synthetic/full_synthetic_053496.png,1,,train,fully_synthetic,False
fully_synthetic_full_synthetic_053596,fully_synthetic/full_synthetic_053596.png,1,,train,fully_synthetic,False
fully_synthetic_full_synthetic_053718,fully_synthetic/full_synthetic_053718.png,1,,train,fully_synthetic,False
fully_synthetic_full_synthetic_053750,fully_synthetic/full_synthetic_053750.png,1,,train,fully_synthetic,False
fully_synthetic_full_synthetic_053833,fully_synthetic/full_synthetic_053833.png,1,,train,fully_synthetic,False
fully_synthetic_full_synthetic_053861,fully_synthetic/full_synthetic_053861.png,1,,val,fully_synthetic,False
fully_synthetic_full_synthetic_053923,fully_synthetic/full_synthetic_053923.png,1,,train,fully_synthetic,False
fully_synthetic_full_synthetic_054050,fully_synthetic/full_synthetic_054050.png,1,,train,fully_synthetic,False
fully_synthetic_full_synthetic_054137,fully_synthetic/full_synthetic_054137.png,1,,train,fully_synthetic,False
fully_synthetic_full_synthetic_054167,fully_synthetic/full_synthetic_054167.png,1,,train,fully_synthetic,False
fully_synthetic_full_synthetic_054189,fully_synthetic/full_synthetic_054189.png,1,,train,fully_synthetic,False
fully_synthetic_full_synthetic_054290,fully_synthetic/full_synthetic_054290.png,1,,train,fully_synthetic,False
fully_synthetic_full_synthetic_054341,fully_synthetic/full_synthetic_054341.png,1,,train,fully_synthetic,False
fully_synthetic_full_synthetic_054357,fully_synthetic/full_synthetic_054357.png,1,,train,fully_synthetic,False
fully_synthetic_full_synthetic_054410,fully_synthetic/full_synthetic_054410.png,1,,train,fully_synthetic,False
fully_synthetic_full_synthetic_054513,fully_synthetic/full_synthetic_054513.png,1,,train,fully_synthetic,False
fully_synthetic_full_synthetic_054532,fully_synthetic/full_synthetic_054532.png,1,,train,fully_synthetic,False
fully_synthetic_full_synthetic_054643,fully_synthetic/full_synthetic_054643.png,1,,val,fully_synthetic,False
fully_synthetic_full_synthetic_054895,fully_synthetic/full_synthetic_054895.png,1,,val,fully_synthetic,False
fully_synthetic_full_synthetic_055002,fully_synthetic/full_synthetic_055002.png,1,,test,fully_synthetic,False
fully_synthetic_full_synthetic_055040,fully_synthetic/full_synthetic_055040.png,1,,train,fully_synthetic,False
fully_synthetic_full_synthetic_055126,fully_synthetic/full_synthetic_055126.png,1,,test,fully_synthetic,False
fully_synthetic_full_synthetic_055140,fully_synthetic/full_synthetic_055140.png,1,,train,fully_synthetic,False
fully_synthetic_full_synthetic_055181,fully_synthetic/full_synthetic_055181.png,1,,train,fully_synthetic,False
fully_synthetic_full_synthetic_055258,fully_synthetic/full_synthetic_055258.png,1,,train,fully_synthetic,False
fully_synthetic_full_synthetic_055279,fully_synthetic/full_synthetic_055279.png,1,,train,fully_synthetic,False
fully_synthetic_full_synthetic_055289,fully_synthetic/full_synthetic_055289.png,1,,train,fully_synthetic,False
fully_synthetic_full_synthetic_055321,fully_synthetic/full_synthetic_055321.png,1,,train,fully_synthetic,False
fully_synthetic_full_synthetic_055330,fully_synthetic/full_synthetic_055330.png,1,,train,fully_synthetic,False
fully_synthetic_full_synthetic_055368,fully_synthetic/full_synthetic_055368.png,1,,val,fully_synthetic,False
fully_synthetic_full_synthetic_055466,fully_synthetic/full_synthetic_055466.png,1,,train,fully_synthetic,False
fully_synthetic_full_synthetic_055772,fully_synthetic/full_synthetic_055772.png,1,,train,fully_synthetic,False
fully_synthetic_full_synthetic_055785,fully_synthetic/full_synthetic_055785.png,1,,train,fully_synthetic,False
fully_synthetic_full_synthetic_055817,fully_synthetic/full_synthetic_055817.png,1,,test,fully_synthetic,False
fully_synthetic_full_synthetic_055916,fully_synthetic/full_synthetic_055916.png,1,,train,fully_synthetic,False
fully_synthetic_full_synthetic_055917,fully_synthetic/full_synthetic_055917.png,1,,train,fully_synthetic,False
fully_synthetic_full_synthetic_055926,fully_synthetic/full_synthetic_055926.png,1,,train,fully_synthetic,False
fully_synthetic_full_synthetic_056060,fully_synthetic/full_synthetic_056060.png,1,,train,fully_synthetic,False
fully_synthetic_full_synthetic_056110,fully_synthetic/full_synthetic_056110.png,1,,train,fully_synthetic,False
fully_synthetic_full_synthetic_056111,fully_synthetic/full_synthetic_056111.png,1,,train,fully_synthetic,False
fully_synthetic_full_synthetic_056118,fully_synthetic/full_synthetic_056118.png,1,,train,fully_synthetic,False
fully_synthetic_full_synthetic_056137,fully_synthetic/full_synthetic_056137.png,1,,val,fully_synthetic,False
fully_synthetic_full_synthetic_056155,fully_synthetic/full_synthetic_056155.png,1,,val,fully_synthetic,False
fully_synthetic_full_synthetic_056194,fully_synthetic/full_synthetic_056194.png,1,,test,fully_synthetic,False
fully_synthetic_full_synthetic_056207,fully_synthetic/full_synthetic_056207.png,1,,train,fully_synthetic,False
fully_synthetic_full_synthetic_056619,fully_synthetic/full_synthetic_056619.png,1,,train,fully_synthetic,False
fully_synthetic_full_synthetic_056649,fully_synthetic/full_synthetic_056649.png,1,,train,fully_synthetic,False
fully_synthetic_full_synthetic_056667,fully_synthetic/full_synthetic_056667.png,1,,train,fully_synthetic,False
fully_synthetic_full_synthetic_056752,fully_synthetic/full_synthetic_056752.png,1,,train,fully_synthetic,False
fully_synthetic_full_synthetic_056804,fully_synthetic/full_synthetic_056804.png,1,,test,fully_synthetic,False
fully_synthetic_full_synthetic_056842,fully_synthetic/full_synthetic_056842.png,1,,train,fully_synthetic,False
fully_synthetic_full_synthetic_056867,fully_synthetic/full_synthetic_056867.png,1,,train,fully_synthetic,False
fully_synthetic_full_synthetic_056932,fully_synthetic/full_synthetic_056932.png,1,,train,fully_synthetic,False
fully_synthetic_full_synthetic_056965,fully_synthetic/full_synthetic_056965.png,1,,test,fully_synthetic,False
fully_synthetic_full_synthetic_057049,fully_synthetic/full_synthetic_057049.png,1,,train,fully_synthetic,False
fully_synthetic_full_synthetic_057078,fully_synthetic/full_synthetic_057078.png,1,,train,fully_synthetic,False
fully_synthetic_full_synthetic_057113,fully_synthetic/full_synthetic_057113.png,1,,train,fully_synthetic,False
fully_synthetic_full_synthetic_057332,fully_synthetic/full_synthetic_057332.png,1,,train,fully_synthetic,False
fully_synthetic_full_synthetic_057366,fully_synthetic/full_synthetic_057366.png,1,,train,fully_synthetic,False
fully_synthetic_full_synthetic_057454,fully_synthetic/full_synthetic_057454.png,1,,train,fully_synthetic,False
fully_synthetic_full_synthetic_057473,fully_synthetic/full_synthetic_057473.png,1,,train,fully_synthetic,False
fully_synthetic_full_synthetic_057517,fully_synthetic/full_synthetic_057517.png,1,,train,fully_synthetic,False
fully_synthetic_full_synthetic_057573,fully_synthetic/full_synthetic_057573.png,1,,train,fully_synthetic,False
fully_synthetic_full_synthetic_057607,fully_synthetic/full_synthetic_057607.png,1,,train,fully_synthetic,False
fully_synthetic_full_synthetic_057648,fully_synthetic/full_synthetic_057648.png,1,,train,fully_synthetic,False
fully_synthetic_full_synthetic_057814,fully_synthetic/full_synthetic_057814.png,1,,train,fully_synthetic,False
fully_synthetic_full_synthetic_057835,fully_synthetic/full_synthetic_057835.png,1,,train,fully_synthetic,False
fully_synthetic_full_synthetic_057970,fully_synthetic/full_synthetic_057970.png,1,,train,fully_synthetic,False
fully_synthetic_full_synthetic_058000,fully_synthetic/full_synthetic_058000.png,1,,val,fully_synthetic,False
fully_synthetic_full_synthetic_058093,fully_synthetic/full_synthetic_058093.png,1,,test,fully_synthetic,False
fully_synthetic_full_synthetic_058100,fully_synthetic/full_synthetic_058100.png,1,,train,fully_synthetic,False
fully_synthetic_full_synthetic_058140,fully_synthetic/full_synthetic_058140.png,1,,train,fully_synthetic,False
fully_synthetic_full_synthetic_058156,fully_synthetic/full_synthetic_058156.png,1,,test,fully_synthetic,False
fully_synthetic_full_synthetic_058202,fully_synthetic/full_synthetic_058202.png,1,,val,fully_synthetic,False
fully_synthetic_full_synthetic_058217,fully_synthetic/full_synthetic_058217.png,1,,train,fully_synthetic,False
fully_synthetic_full_synthetic_058271,fully_synthetic/full_synthetic_058271.png,1,,train,fully_synthetic,False
fully_synthetic_full_synthetic_058292,fully_synthetic/full_synthetic_058292.png,1,,train,fully_synthetic,False
fully_synthetic_full_synthetic_058329,fully_synthetic/full_synthetic_058329.png,1,,test,fully_synthetic,False
fully_synthetic_full_synthetic_058445,fully_synthetic/full_synthetic_058445.png,1,,val,fully_synthetic,False
fully_synthetic_full_synthetic_058520,fully_synthetic/full_synthetic_058520.png,1,,train,fully_synthetic,False
fully_synthetic_full_synthetic_058638,fully_synthetic/full_synthetic_058638.png,1,,train,fully_synthetic,False
fully_synthetic_full_synthetic_058704,fully_synthetic/full_synthetic_058704.png,1,,train,fully_synthetic,False
fully_synthetic_full_synthetic_058751,fully_synthetic/full_synthetic_058751.png,1,,train,fully_synthetic,False
fully_synthetic_full_synthetic_058765,fully_synthetic/full_synthetic_058765.png,1,,test,fully_synthetic,False
fully_synthetic_full_synthetic_058853,fully_synthetic/full_synthetic_058853.png,1,,train,fully_synthetic,False
fully_synthetic_full_synthetic_058861,fully_synthetic/full_synthetic_058861.png,1,,test,fully_synthetic,False
fully_synthetic_full_synthetic_058900,fully_synthetic/full_synthetic_058900.png,1,,val,fully_synthetic,False
fully_synthetic_full_synthetic_058910,fully_synthetic/full_synthetic_058910.png,1,,train,fully_synthetic,False
fully_synthetic_full_synthetic_058915,fully_synthetic/full_synthetic_058915.png,1,,train,fully_synthetic,False
fully_synthetic_full_synthetic_058949,fully_synthetic/full_synthetic_058949.png,1,,train,fully_synthetic,False
fully_synthetic_full_synthetic_059073,fully_synthetic/full_synthetic_059073.png,1,,train,fully_synthetic,False
fully_synthetic_full_synthetic_059074,fully_synthetic/full_synthetic_059074.png,1,,train,fully_synthetic,False
fully_synthetic_full_synthetic_059119,fully_synthetic/full_synthetic_059119.png,1,,train,fully_synthetic,False
fully_synthetic_full_synthetic_059222,fully_synthetic/full_synthetic_059222.png,1,,train,fully_synthetic,False
fully_synthetic_full_synthetic_059336,fully_synthetic/full_synthetic_059336.png,1,,val,fully_synthetic,False
fully_synthetic_full_synthetic_059340,fully_synthetic/full_synthetic_059340.png,1,,train,fully_synthetic,False
fully_synthetic_full_synthetic_059408,fully_synthetic/full_synthetic_059408.png,1,,train,fully_synthetic,False
fully_synthetic_full_synthetic_059555,fully_synthetic/full_synthetic_059555.png,1,,val,fully_synthetic,False
fully_synthetic_full_synthetic_059729,fully_synthetic/full_synthetic_059729.png,1,,train,fully_synthetic,False
fully_synthetic_full_synthetic_059800,fully_synthetic/full_synthetic_059800.png,1,,train,fully_synthetic,False
fully_synthetic_full_synthetic_060015,fully_synthetic/full_synthetic_060015.png,1,,val,fully_synthetic,False
fully_synthetic_full_synthetic_060043,fully_synthetic/full_synthetic_060043.png,1,,train,fully_synthetic,False
fully_synthetic_full_synthetic_060102,fully_synthetic/full_synthetic_060102.png,1,,val,fully_synthetic,False
fully_synthetic_full_synthetic_060192,fully_synthetic/full_synthetic_060192.png,1,,train,fully_synthetic,False
fully_synthetic_full_synthetic_060238,fully_synthetic/full_synthetic_060238.png,1,,train,fully_synthetic,False
fully_synthetic_full_synthetic_060243,fully_synthetic/full_synthetic_060243.png,1,,train,fully_synthetic,False
fully_synthetic_full_synthetic_060393,fully_synthetic/full_synthetic_060393.png,1,,test,fully_synthetic,False
fully_synthetic_full_synthetic_060528,fully_synthetic/full_synthetic_060528.png,1,,train,fully_synthetic,False
fully_synthetic_full_synthetic_060532,fully_synthetic/full_synthetic_060532.png,1,,train,fully_synthetic,False
fully_synthetic_full_synthetic_060674,fully_synthetic/full_synthetic_060674.png,1,,train,fully_synthetic,False
fully_synthetic_full_synthetic_060748,fully_synthetic/full_synthetic_060748.png,1,,train,fully_synthetic,False
fully_synthetic_full_synthetic_060809,fully_synthetic/full_synthetic_060809.png,1,,train,fully_synthetic,False
fully_synthetic_full_synthetic_060819,fully_synthetic/full_synthetic_060819.png,1,,train,fully_synthetic,False
fully_synthetic_full_synthetic_060844,fully_synthetic/full_synthetic_060844.png,1,,train,fully_synthetic,False
fully_synthetic_full_synthetic_060882,fully_synthetic/full_synthetic_060882.png,1,,train,fully_synthetic,False
fully_synthetic_full_synthetic_060888,fully_synthetic/full_synthetic_060888.png,1,,train,fully_synthetic,False
fully_synthetic_full_synthetic_060923,fully_synthetic/full_synthetic_060923.png,1,,val,fully_synthetic,False
fully_synthetic_full_synthetic_061067,fully_synthetic/full_synthetic_061067.png,1,,train,fully_synthetic,False
fully_synthetic_full_synthetic_061104,fully_synthetic/full_synthetic_061104.png,1,,train,fully_synthetic,False
fully_synthetic_full_synthetic_061162,fully_synthetic/full_synthetic_061162.png,1,,train,fully_synthetic,False
fully_synthetic_full_synthetic_061188,fully_synthetic/full_synthetic_061188.png,1,,train,fully_synthetic,False
fully_synthetic_full_synthetic_061218,fully_synthetic/full_synthetic_061218.png,1,,train,fully_synthetic,False
fully_synthetic_full_synthetic_061285,fully_synthetic/full_synthetic_061285.png,1,,train,fully_synthetic,False
fully_synthetic_full_synthetic_061334,fully_synthetic/full_synthetic_061334.png,1,,test,fully_synthetic,False
fully_synthetic_full_synthetic_061337,fully_synthetic/full_synthetic_061337.png,1,,train,fully_synthetic,False
fully_synthetic_full_synthetic_061338,fully_synthetic/full_synthetic_061338.png,1,,train,fully_synthetic,False
fully_synthetic_full_synthetic_061397,fully_synthetic/full_synthetic_061397.png,1,,train,fully_synthetic,False
fully_synthetic_full_synthetic_061516,fully_synthetic/full_synthetic_061516.png,1,,train,fully_synthetic,False
fully_synthetic_full_synthetic_061531,fully_synthetic/full_synthetic_061531.png,1,,train,fully_synthetic,False
fully_synthetic_full_synthetic_061590,fully_synthetic/full_synthetic_061590.png,1,,train,fully_synthetic,False
fully_synthetic_full_synthetic_061599,fully_synthetic/full_synthetic_061599.png,1,,train,fully_synthetic,False
fully_synthetic_full_synthetic_061614,fully_synthetic/full_synthetic_061614.png,1,,train,fully_synthetic,False
fully_synthetic_full_synthetic_061635,fully_synthetic/full_synthetic_061635.png,1,,val,fully_synthetic,False
fully_synthetic_full_synthetic_061973,fully_synthetic/full_synthetic_061973.png,1,,train,fully_synthetic,False
fully_synthetic_full_synthetic_062023,fully_synthetic/full_synthetic_062023.png,1,,train,fully_synthetic,False
fully_synthetic_full_synthetic_062118,fully_synthetic/full_synthetic_062118.png,1,,train,fully_synthetic,False
fully_synthetic_full_synthetic_062125,fully_synthetic/full_synthetic_062125.png,1,,train,fully_synthetic,False
fully_synthetic_full_synthetic_062169,fully_synthetic/full_synthetic_062169.png,1,,train,fully_synthetic,False
fully_synthetic_full_synthetic_062223,fully_synthetic/full_synthetic_062223.png,1,,train,fully_synthetic,False
fully_synthetic_full_synthetic_062237,fully_synthetic/full_synthetic_062237.png,1,,train,fully_synthetic,False
fully_synthetic_full_synthetic_062238,fully_synthetic/full_synthetic_062238.png,1,,train,fully_synthetic,False
fully_synthetic_full_synthetic_062388,fully_synthetic/full_synthetic_062388.png,1,,train,fully_synthetic,False
fully_synthetic_full_synthetic_062389,fully_synthetic/full_synthetic_062389.png,1,,train,fully_synthetic,False
fully_synthetic_full_synthetic_062453,fully_synthetic/full_synthetic_062453.png,1,,train,fully_synthetic,False
fully_synthetic_full_synthetic_062488,fully_synthetic/full_synthetic_062488.png,1,,train,fully_synthetic,False
fully_synthetic_full_synthetic_062602,fully_synthetic/full_synthetic_062602.png,1,,train,fully_synthetic,False
fully_synthetic_full_synthetic_062636,fully_synthetic/full_synthetic_062636.png,1,,train,fully_synthetic,False
fully_synthetic_full_synthetic_062658,fully_synthetic/full_synthetic_062658.png,1,,train,fully_synthetic,False
fully_synthetic_full_synthetic_062709,fully_synthetic/full_synthetic_062709.png,1,,train,fully_synthetic,False
fully_synthetic_full_synthetic_062834,fully_synthetic/full_synthetic_062834.png,1,,val,fully_synthetic,False
fully_synthetic_full_synthetic_062897,fully_synthetic/full_synthetic_062897.png,1,,train,fully_synthetic,False
fully_synthetic_full_synthetic_062940,fully_synthetic/full_synthetic_062940.png,1,,train,fully_synthetic,False
fully_synthetic_full_synthetic_062989,fully_synthetic/full_synthetic_062989.png,1,,train,fully_synthetic,False
fully_synthetic_full_synthetic_063025,fully_synthetic/full_synthetic_063025.png,1,,train,fully_synthetic,False
fully_synthetic_full_synthetic_063044,fully_synthetic/full_synthetic_063044.png,1,,train,fully_synthetic,False
fully_synthetic_full_synthetic_063134,fully_synthetic/full_synthetic_063134.png,1,,train,fully_synthetic,False
fully_synthetic_full_synthetic_063300,fully_synthetic/full_synthetic_063300.png,1,,train,fully_synthetic,False
fully_synthetic_full_synthetic_063346,fully_synthetic/full_synthetic_063346.png,1,,train,fully_synthetic,False
fully_synthetic_full_synthetic_063384,fully_synthetic/full_synthetic_063384.png,1,,train,fully_synthetic,False
fully_synthetic_full_synthetic_063397,fully_synthetic/full_synthetic_063397.png,1,,test,fully_synthetic,False
fully_synthetic_full_synthetic_063409,fully_synthetic/full_synthetic_063409.png,1,,val,fully_synthetic,False
fully_synthetic_full_synthetic_063430,fully_synthetic/full_synthetic_063430.png,1,,train,fully_synthetic,False
fully_synthetic_full_synthetic_063586,fully_synthetic/full_synthetic_063586.png,1,,train,fully_synthetic,False
fully_synthetic_full_synthetic_063596,fully_synthetic/full_synthetic_063596.png,1,,train,fully_synthetic,False
fully_synthetic_full_synthetic_063846,fully_synthetic/full_synthetic_063846.png,1,,train,fully_synthetic,False
fully_synthetic_full_synthetic_063863,fully_synthetic/full_synthetic_063863.png,1,,train,fully_synthetic,False
fully_synthetic_full_synthetic_063933,fully_synthetic/full_synthetic_063933.png,1,,test,fully_synthetic,False
fully_synthetic_full_synthetic_063970,fully_synthetic/full_synthetic_063970.png,1,,val,fully_synthetic,False
fully_synthetic_full_synthetic_063997,fully_synthetic/full_synthetic_063997.png,1,,train,fully_synthetic,False
fully_synthetic_full_synthetic_064013,fully_synthetic/full_synthetic_064013.png,1,,train,fully_synthetic,False
fully_synthetic_full_synthetic_064094,fully_synthetic/full_synthetic_064094.png,1,,val,fully_synthetic,False
fully_synthetic_full_synthetic_064360,fully_synthetic/full_synthetic_064360.png,1,,val,fully_synthetic,False
fully_synthetic_full_synthetic_064372,fully_synthetic/full_synthetic_064372.png,1,,test,fully_synthetic,False
fully_synthetic_full_synthetic_064407,fully_synthetic/full_synthetic_064407.png,1,,train,fully_synthetic,False
fully_synthetic_full_synthetic_064452,fully_synthetic/full_synthetic_064452.png,1,,val,fully_synthetic,False
fully_synthetic_full_synthetic_064461,fully_synthetic/full_synthetic_064461.png,1,,train,fully_synthetic,False
fully_synthetic_full_synthetic_064647,fully_synthetic/full_synthetic_064647.png,1,,train,fully_synthetic,False
fully_synthetic_full_synthetic_064663,fully_synthetic/full_synthetic_064663.png,1,,train,fully_synthetic,False
fully_synthetic_full_synthetic_064858,fully_synthetic/full_synthetic_064858.png,1,,train,fully_synthetic,False
fully_synthetic_full_synthetic_064951,fully_synthetic/full_synthetic_064951.png,1,,train,fully_synthetic,False
fully_synthetic_full_synthetic_065023,fully_synthetic/full_synthetic_065023.png,1,,train,fully_synthetic,False
fully_synthetic_full_synthetic_065189,fully_synthetic/full_synthetic_065189.png,1,,train,fully_synthetic,False
fully_synthetic_full_synthetic_065242,fully_synthetic/full_synthetic_065242.png,1,,train,fully_synthetic,False
fully_synthetic_full_synthetic_065358,fully_synthetic/full_synthetic_065358.png,1,,train,fully_synthetic,False
fully_synthetic_full_synthetic_065360,fully_synthetic/full_synthetic_065360.png,1,,train,fully_synthetic,False
fully_synthetic_full_synthetic_065380,fully_synthetic/full_synthetic_065380.png,1,,train,fully_synthetic,False
fully_synthetic_full_synthetic_065476,fully_synthetic/full_synthetic_065476.png,1,,val,fully_synthetic,False
fully_synthetic_full_synthetic_065734,fully_synthetic/full_synthetic_065734.png,1,,train,fully_synthetic,False
fully_synthetic_full_synthetic_065753,fully_synthetic/full_synthetic_065753.png,1,,train,fully_synthetic,False
fully_synthetic_full_synthetic_065860,fully_synthetic/full_synthetic_065860.png,1,,train,fully_synthetic,False
fully_synthetic_full_synthetic_065940,fully_synthetic/full_synthetic_065940.png,1,,train,fully_synthetic,False
fully_synthetic_full_synthetic_066008,fully_synthetic/full_synthetic_066008.png,1,,test,fully_synthetic,False
fully_synthetic_full_synthetic_066034,fully_synthetic/full_synthetic_066034.png,1,,train,fully_synthetic,False
fully_synthetic_full_synthetic_066038,fully_synthetic/full_synthetic_066038.png,1,,test,fully_synthetic,False
fully_synthetic_full_synthetic_066056,fully_synthetic/full_synthetic_066056.png,1,,train,fully_synthetic,False
fully_synthetic_full_synthetic_066060,fully_synthetic/full_synthetic_066060.png,1,,val,fully_synthetic,False
fully_synthetic_full_synthetic_066086,fully_synthetic/full_synthetic_066086.png,1,,test,fully_synthetic,False
fully_synthetic_full_synthetic_066100,fully_synthetic/full_synthetic_066100.png,1,,test,fully_synthetic,False
fully_synthetic_full_synthetic_066138,fully_synthetic/full_synthetic_066138.png,1,,train,fully_synthetic,False
fully_synthetic_full_synthetic_066180,fully_synthetic/full_synthetic_066180.png,1,,train,fully_synthetic,False
fully_synthetic_full_synthetic_066190,fully_synthetic/full_synthetic_066190.png,1,,train,fully_synthetic,False
fully_synthetic_full_synthetic_066195,fully_synthetic/full_synthetic_066195.png,1,,val,fully_synthetic,False
fully_synthetic_full_synthetic_066196,fully_synthetic/full_synthetic_066196.png,1,,train,fully_synthetic,False
fully_synthetic_full_synthetic_066226,fully_synthetic/full_synthetic_066226.png,1,,train,fully_synthetic,False
fully_synthetic_full_synthetic_066302,fully_synthetic/full_synthetic_066302.png,1,,val,fully_synthetic,False
fully_synthetic_full_synthetic_066325,fully_synthetic/full_synthetic_066325.png,1,,val,fully_synthetic,False
fully_synthetic_full_synthetic_066354,fully_synthetic/full_synthetic_066354.png,1,,val,fully_synthetic,False
fully_synthetic_full_synthetic_066508,fully_synthetic/full_synthetic_066508.png,1,,train,fully_synthetic,False
fully_synthetic_full_synthetic_066561,fully_synthetic/full_synthetic_066561.png,1,,train,fully_synthetic,False
fully_synthetic_full_synthetic_066580,fully_synthetic/full_synthetic_066580.png,1,,test,fully_synthetic,False
fully_synthetic_full_synthetic_066741,fully_synthetic/full_synthetic_066741.png,1,,train,fully_synthetic,False
fully_synthetic_full_synthetic_066745,fully_synthetic/full_synthetic_066745.png,1,,train,fully_synthetic,False
fully_synthetic_full_synthetic_066761,fully_synthetic/full_synthetic_066761.png,1,,val,fully_synthetic,False
fully_synthetic_full_synthetic_066903,fully_synthetic/full_synthetic_066903.png,1,,train,fully_synthetic,False
fully_synthetic_full_synthetic_066971,fully_synthetic/full_synthetic_066971.png,1,,train,fully_synthetic,False
fully_synthetic_full_synthetic_067030,fully_synthetic/full_synthetic_067030.png,1,,train,fully_synthetic,False
fully_synthetic_full_synthetic_067034,fully_synthetic/full_synthetic_067034.png,1,,train,fully_synthetic,False
fully_synthetic_full_synthetic_067048,fully_synthetic/full_synthetic_067048.png,1,,val,fully_synthetic,False
fully_synthetic_full_synthetic_067064,fully_synthetic/full_synthetic_067064.png,1,,train,fully_synthetic,False
fully_synthetic_full_synthetic_067201,fully_synthetic/full_synthetic_067201.png,1,,train,fully_synthetic,False
fully_synthetic_full_synthetic_067211,fully_synthetic/full_synthetic_067211.png,1,,test,fully_synthetic,False
fully_synthetic_full_synthetic_067316,fully_synthetic/full_synthetic_067316.png,1,,train,fully_synthetic,False
fully_synthetic_full_synthetic_067336,fully_synthetic/full_synthetic_067336.png,1,,val,fully_synthetic,False
fully_synthetic_full_synthetic_067486,fully_synthetic/full_synthetic_067486.png,1,,val,fully_synthetic,False
fully_synthetic_full_synthetic_067615,fully_synthetic/full_synthetic_067615.png,1,,train,fully_synthetic,False
fully_synthetic_full_synthetic_067639,fully_synthetic/full_synthetic_067639.png,1,,train,fully_synthetic,False
fully_synthetic_full_synthetic_067699,fully_synthetic/full_synthetic_067699.png,1,,train,fully_synthetic,False
fully_synthetic_full_synthetic_067704,fully_synthetic/full_synthetic_067704.png,1,,test,fully_synthetic,False
fully_synthetic_full_synthetic_067709,fully_synthetic/full_synthetic_067709.png,1,,train,fully_synthetic,False
fully_synthetic_full_synthetic_067742,fully_synthetic/full_synthetic_067742.png,1,,train,fully_synthetic,False
fully_synthetic_full_synthetic_067898,fully_synthetic/full_synthetic_067898.png,1,,test,fully_synthetic,False
fully_synthetic_full_synthetic_067934,fully_synthetic/full_synthetic_067934.png,1,,train,fully_synthetic,False
fully_synthetic_full_synthetic_068022,fully_synthetic/full_synthetic_068022.png,1,,train,fully_synthetic,False
fully_synthetic_full_synthetic_068058,fully_synthetic/full_synthetic_068058.png,1,,train,fully_synthetic,False
fully_synthetic_full_synthetic_068143,fully_synthetic/full_synthetic_068143.png,1,,train,fully_synthetic,False
fully_synthetic_full_synthetic_068188,fully_synthetic/full_synthetic_068188.png,1,,train,fully_synthetic,False
fully_synthetic_full_synthetic_068221,fully_synthetic/full_synthetic_068221.png,1,,train,fully_synthetic,False
fully_synthetic_full_synthetic_068243,fully_synthetic/full_synthetic_068243.png,1,,test,fully_synthetic,False
fully_synthetic_full_synthetic_068261,fully_synthetic/full_synthetic_068261.png,1,,train,fully_synthetic,False
fully_synthetic_full_synthetic_068397,fully_synthetic/full_synthetic_068397.png,1,,val,fully_synthetic,False
fully_synthetic_full_synthetic_068410,fully_synthetic/full_synthetic_068410.png,1,,train,fully_synthetic,False
fully_synthetic_full_synthetic_068413,fully_synthetic/full_synthetic_068413.png,1,,train,fully_synthetic,False
fully_synthetic_full_synthetic_068795,fully_synthetic/full_synthetic_068795.png,1,,train,fully_synthetic,False
fully_synthetic_full_synthetic_068812,fully_synthetic/full_synthetic_068812.png,1,,train,fully_synthetic,False
fully_synthetic_full_synthetic_068905,fully_synthetic/full_synthetic_068905.png,1,,train,fully_synthetic,False
fully_synthetic_full_synthetic_068967,fully_synthetic/full_synthetic_068967.png,1,,train,fully_synthetic,False
fully_synthetic_full_synthetic_069068,fully_synthetic/full_synthetic_069068.png,1,,train,fully_synthetic,False
fully_synthetic_full_synthetic_069156,fully_synthetic/full_synthetic_069156.png,1,,train,fully_synthetic,False
fully_synthetic_full_synthetic_069160,fully_synthetic/full_synthetic_069160.png,1,,train,fully_synthetic,False
fully_synthetic_full_synthetic_069161,fully_synthetic/full_synthetic_069161.png,1,,train,fully_synthetic,False
fully_synthetic_full_synthetic_069184,fully_synthetic/full_synthetic_069184.png,1,,train,fully_synthetic,False
fully_synthetic_full_synthetic_069261,fully_synthetic/full_synthetic_069261.png,1,,train,fully_synthetic,False
fully_synthetic_full_synthetic_069330,fully_synthetic/full_synthetic_069330.png,1,,train,fully_synthetic,False
fully_synthetic_full_synthetic_069415,fully_synthetic/full_synthetic_069415.png,1,,train,fully_synthetic,False
fully_synthetic_full_synthetic_069447,fully_synthetic/full_synthetic_069447.png,1,,train,fully_synthetic,False
fully_synthetic_full_synthetic_069470,fully_synthetic/full_synthetic_069470.png,1,,train,fully_synthetic,False
fully_synthetic_full_synthetic_069500,fully_synthetic/full_synthetic_069500.png,1,,val,fully_synthetic,False
fully_synthetic_full_synthetic_069631,fully_synthetic/full_synthetic_069631.png,1,,train,fully_synthetic,False
fully_synthetic_full_synthetic_069731,fully_synthetic/full_synthetic_069731.png,1,,train,fully_synthetic,False
fully_synthetic_full_synthetic_069795,fully_synthetic/full_synthetic_069795.png,1,,val,fully_synthetic,False
fully_synthetic_full_synthetic_069815,fully_synthetic/full_synthetic_069815.png,1,,train,fully_synthetic,False
fully_synthetic_full_synthetic_069820,fully_synthetic/full_synthetic_069820.png,1,,train,fully_synthetic,False
locally_tampered_tampered_000114,locally_tampered/tampered_000114.jpg,2,locally_tampered_masks/tampered_000114.png,train,locally_tampered,False
locally_tampered_tampered_000133,locally_tampered/tampered_000133.jpg,2,locally_tampered_masks/tampered_000133.png,train,locally_tampered,False
locally_tampered_tampered_000201,locally_tampered/tampered_000201.jpg,2,locally_tampered_masks/tampered_000201.png,train,locally_tampered,False
locally_tampered_tampered_000238,locally_tampered/tampered_000238.jpg,2,locally_tampered_masks/tampered_000238.png,train,locally_tampered,False
locally_tampered_tampered_000250,locally_tampered/tampered_000250.jpg,2,locally_tampered_masks/tampered_000250.png,train,locally_tampered,False
locally_tampered_tampered_000276,locally_tampered/tampered_000276.jpg,2,locally_tampered_masks/tampered_000276.png,train,locally_tampered,False
locally_tampered_tampered_000342,locally_tampered/tampered_000342.jpg,2,locally_tampered_masks/tampered_000342.png,train,locally_tampered,False
locally_tampered_tampered_00046,locally_tampered/tampered_00046.png,2,locally_tampered_masks/tampered_00046.png,train,locally_tampered,False
locally_tampered_tampered_000476,locally_tampered/tampered_000476.jpg,2,locally_tampered_masks/tampered_000476.png,train,locally_tampered,False
locally_tampered_tampered_00070,locally_tampered/tampered_00070.png,2,locally_tampered_masks/tampered_00070.png,train,locally_tampered,False
locally_tampered_tampered_000815,locally_tampered/tampered_000815.jpg,2,locally_tampered_masks/tampered_000815.png,val,locally_tampered,False
locally_tampered_tampered_000825,locally_tampered/tampered_000825.jpg,2,locally_tampered_masks/tampered_000825.png,val,locally_tampered,False
locally_tampered_tampered_000879,locally_tampered/tampered_000879.jpg,2,locally_tampered_masks/tampered_000879.png,train,locally_tampered,False
locally_tampered_tampered_000911,locally_tampered/tampered_000911.jpg,2,locally_tampered_masks/tampered_000911.png,train,locally_tampered,False
locally_tampered_tampered_000938,locally_tampered/tampered_000938.jpg,2,locally_tampered_masks/tampered_000938.png,train,locally_tampered,False
locally_tampered_tampered_001067,locally_tampered/tampered_001067.jpg,2,locally_tampered_masks/tampered_001067.png,train,locally_tampered,False
locally_tampered_tampered_001204,locally_tampered/tampered_001204.jpg,2,locally_tampered_masks/tampered_001204.png,train,locally_tampered,False
locally_tampered_tampered_001237,locally_tampered/tampered_001237.jpg,2,locally_tampered_masks/tampered_001237.png,test,locally_tampered,False
locally_tampered_tampered_001294,locally_tampered/tampered_001294.jpg,2,locally_tampered_masks/tampered_001294.png,train,locally_tampered,False
locally_tampered_tampered_001464,locally_tampered/tampered_001464.jpg,2,locally_tampered_masks/tampered_001464.png,train,locally_tampered,False
locally_tampered_tampered_001537,locally_tampered/tampered_001537.jpg,2,locally_tampered_masks/tampered_001537.png,val,locally_tampered,False
locally_tampered_tampered_001607,locally_tampered/tampered_001607.jpg,2,locally_tampered_masks/tampered_001607.png,train,locally_tampered,False
locally_tampered_tampered_001613,locally_tampered/tampered_001613.jpg,2,locally_tampered_masks/tampered_001613.png,train,locally_tampered,False
locally_tampered_tampered_001693,locally_tampered/tampered_001693.jpg,2,locally_tampered_masks/tampered_001693.png,train,locally_tampered,False
locally_tampered_tampered_001703,locally_tampered/tampered_001703.jpg,2,locally_tampered_masks/tampered_001703.png,train,locally_tampered,False
locally_tampered_tampered_001764,locally_tampered/tampered_001764.jpg,2,locally_tampered_masks/tampered_001764.png,train,locally_tampered,False
locally_tampered_tampered_001769,locally_tampered/tampered_001769.jpg,2,locally_tampered_masks/tampered_001769.png,train,locally_tampered,False
locally_tampered_tampered_002014,locally_tampered/tampered_002014.jpg,2,locally_tampered_masks/tampered_002014.png,train,locally_tampered,False
locally_tampered_tampered_002049,locally_tampered/tampered_002049.jpg,2,locally_tampered_masks/tampered_002049.png,train,locally_tampered,False
locally_tampered_tampered_002087,locally_tampered/tampered_002087.jpg,2,locally_tampered_masks/tampered_002087.png,train,locally_tampered,False
locally_tampered_tampered_002143,locally_tampered/tampered_002143.jpg,2,locally_tampered_masks/tampered_002143.png,train,locally_tampered,False
locally_tampered_tampered_002160,locally_tampered/tampered_002160.jpg,2,locally_tampered_masks/tampered_002160.png,train,locally_tampered,False
locally_tampered_tampered_002165,locally_tampered/tampered_002165.jpg,2,locally_tampered_masks/tampered_002165.png,train,locally_tampered,False
locally_tampered_tampered_002174,locally_tampered/tampered_002174.jpg,2,locally_tampered_masks/tampered_002174.png,test,locally_tampered,False
locally_tampered_tampered_002279,locally_tampered/tampered_002279.jpg,2,locally_tampered_masks/tampered_002279.png,test,locally_tampered,False
locally_tampered_tampered_002463,locally_tampered/tampered_002463.jpg,2,locally_tampered_masks/tampered_002463.png,train,locally_tampered,False
locally_tampered_tampered_002523,locally_tampered/tampered_002523.png,2,locally_tampered_masks/tampered_002523.png,train,locally_tampered,False
locally_tampered_tampered_002551,locally_tampered/tampered_002551.jpg,2,locally_tampered_masks/tampered_002551.png,train,locally_tampered,False
locally_tampered_tampered_002703,locally_tampered/tampered_002703.jpg,2,locally_tampered_masks/tampered_002703.png,train,locally_tampered,False
locally_tampered_tampered_002761,locally_tampered/tampered_002761.jpg,2,locally_tampered_masks/tampered_002761.png,train,locally_tampered,False
locally_tampered_tampered_002780,locally_tampered/tampered_002780.jpg,2,locally_tampered_masks/tampered_002780.png,train,locally_tampered,False
locally_tampered_tampered_002837,locally_tampered/tampered_002837.png,2,locally_tampered_masks/tampered_002837.png,train,locally_tampered,False
locally_tampered_tampered_00290,locally_tampered/tampered_00290.png,2,locally_tampered_masks/tampered_00290.png,train,locally_tampered,False
locally_tampered_tampered_003020,locally_tampered/tampered_003020.jpg,2,locally_tampered_masks/tampered_003020.png,train,locally_tampered,False
locally_tampered_tampered_003154,locally_tampered/tampered_003154.jpg,2,locally_tampered_masks/tampered_003154.png,train,locally_tampered,False
locally_tampered_tampered_003177,locally_tampered/tampered_003177.jpg,2,locally_tampered_masks/tampered_003177.png,train,locally_tampered,False
locally_tampered_tampered_003199,locally_tampered/tampered_003199.jpg,2,locally_tampered_masks/tampered_003199.png,train,locally_tampered,False
locally_tampered_tampered_003262,locally_tampered/tampered_003262.jpg,2,locally_tampered_masks/tampered_003262.png,test,locally_tampered,False
locally_tampered_tampered_003327,locally_tampered/tampered_003327.jpg,2,locally_tampered_masks/tampered_003327.png,train,locally_tampered,False
locally_tampered_tampered_003330,locally_tampered/tampered_003330.jpg,2,locally_tampered_masks/tampered_003330.png,train,locally_tampered,False
locally_tampered_tampered_003538,locally_tampered/tampered_003538.jpg,2,locally_tampered_masks/tampered_003538.png,train,locally_tampered,False
locally_tampered_tampered_003549,locally_tampered/tampered_003549.jpg,2,locally_tampered_masks/tampered_003549.png,train,locally_tampered,False
locally_tampered_tampered_003629,locally_tampered/tampered_003629.jpg,2,locally_tampered_masks/tampered_003629.png,train,locally_tampered,False
locally_tampered_tampered_003680,locally_tampered/tampered_003680.jpg,2,locally_tampered_masks/tampered_003680.png,test,locally_tampered,False
locally_tampered_tampered_003803,locally_tampered/tampered_003803.jpg,2,locally_tampered_masks/tampered_003803.png,train,locally_tampered,False
locally_tampered_tampered_003844,locally_tampered/tampered_003844.jpg,2,locally_tampered_masks/tampered_003844.png,test,locally_tampered,False
locally_tampered_tampered_003926,locally_tampered/tampered_003926.jpg,2,locally_tampered_masks/tampered_003926.png,train,locally_tampered,False
locally_tampered_tampered_004130,locally_tampered/tampered_004130.jpg,2,locally_tampered_masks/tampered_004130.png,train,locally_tampered,False
locally_tampered_tampered_004170,locally_tampered/tampered_004170.jpg,2,locally_tampered_masks/tampered_004170.png,train,locally_tampered,False
locally_tampered_tampered_004174,locally_tampered/tampered_004174.jpg,2,locally_tampered_masks/tampered_004174.png,train,locally_tampered,False
locally_tampered_tampered_004196,locally_tampered/tampered_004196.jpg,2,locally_tampered_masks/tampered_004196.png,train,locally_tampered,False
locally_tampered_tampered_004211,locally_tampered/tampered_004211.jpg,2,locally_tampered_masks/tampered_004211.png,train,locally_tampered,False
locally_tampered_tampered_00436,locally_tampered/tampered_00436.png,2,locally_tampered_masks/tampered_00436.png,train,locally_tampered,False
locally_tampered_tampered_004402,locally_tampered/tampered_004402.jpg,2,locally_tampered_masks/tampered_004402.png,train,locally_tampered,False
locally_tampered_tampered_004442,locally_tampered/tampered_004442.jpg,2,locally_tampered_masks/tampered_004442.png,train,locally_tampered,False
locally_tampered_tampered_004546,locally_tampered/tampered_004546.jpg,2,locally_tampered_masks/tampered_004546.png,train,locally_tampered,False
locally_tampered_tampered_004703,locally_tampered/tampered_004703.jpg,2,locally_tampered_masks/tampered_004703.png,train,locally_tampered,False
locally_tampered_tampered_00476,locally_tampered/tampered_00476.png,2,locally_tampered_masks/tampered_00476.png,train,locally_tampered,False
locally_tampered_tampered_004834,locally_tampered/tampered_004834.jpg,2,locally_tampered_masks/tampered_004834.png,train,locally_tampered,False
locally_tampered_tampered_004837,locally_tampered/tampered_004837.jpg,2,locally_tampered_masks/tampered_004837.png,train,locally_tampered,False
locally_tampered_tampered_004904,locally_tampered/tampered_004904.jpg,2,locally_tampered_masks/tampered_004904.png,train,locally_tampered,False
locally_tampered_tampered_004916,locally_tampered/tampered_004916.jpg,2,locally_tampered_masks/tampered_004916.png,train,locally_tampered,False
locally_tampered_tampered_004988,locally_tampered/tampered_004988.jpg,2,locally_tampered_masks/tampered_004988.png,train,locally_tampered,False
locally_tampered_tampered_00558,locally_tampered/tampered_00558.png,2,locally_tampered_masks/tampered_00558.png,train,locally_tampered,False
locally_tampered_tampered_00604,locally_tampered/tampered_00604.png,2,locally_tampered_masks/tampered_00604.png,train,locally_tampered,False
locally_tampered_tampered_00674,locally_tampered/tampered_00674.png,2,locally_tampered_masks/tampered_00674.png,train,locally_tampered,False
locally_tampered_tampered_00790,locally_tampered/tampered_00790.png,2,locally_tampered_masks/tampered_00790.png,train,locally_tampered,False
locally_tampered_tampered_00916,locally_tampered/tampered_00916.png,2,locally_tampered_masks/tampered_00916.png,train,locally_tampered,False
locally_tampered_tampered_00918,locally_tampered/tampered_00918.png,2,locally_tampered_masks/tampered_00918.png,train,locally_tampered,False
locally_tampered_tampered_01142,locally_tampered/tampered_01142.png,2,locally_tampered_masks/tampered_01142.png,train,locally_tampered,False
locally_tampered_tampered_01344,locally_tampered/tampered_01344.png,2,locally_tampered_masks/tampered_01344.png,train,locally_tampered,False
locally_tampered_tampered_01346,locally_tampered/tampered_01346.png,2,locally_tampered_masks/tampered_01346.png,train,locally_tampered,False
locally_tampered_tampered_01362,locally_tampered/tampered_01362.png,2,locally_tampered_masks/tampered_01362.png,train,locally_tampered,False
locally_tampered_tampered_01460,locally_tampered/tampered_01460.png,2,locally_tampered_masks/tampered_01460.png,train,locally_tampered,False
locally_tampered_tampered_01590,locally_tampered/tampered_01590.png,2,locally_tampered_masks/tampered_01590.png,train,locally_tampered,False
locally_tampered_tampered_01611,locally_tampered/tampered_01611.png,2,locally_tampered_masks/tampered_01611.png,train,locally_tampered,False
locally_tampered_tampered_01636,locally_tampered/tampered_01636.png,2,locally_tampered_masks/tampered_01636.png,train,locally_tampered,False
locally_tampered_tampered_01732,locally_tampered/tampered_01732.png,2,locally_tampered_masks/tampered_01732.png,val,locally_tampered,False
locally_tampered_tampered_01900,locally_tampered/tampered_01900.png,2,locally_tampered_masks/tampered_01900.png,test,locally_tampered,False
locally_tampered_tampered_01919,locally_tampered/tampered_01919.png,2,locally_tampered_masks/tampered_01919.png,train,locally_tampered,False
locally_tampered_tampered_01944,locally_tampered/tampered_01944.png,2,locally_tampered_masks/tampered_01944.png,train,locally_tampered,False
locally_tampered_tampered_02005,locally_tampered/tampered_02005.png,2,locally_tampered_masks/tampered_02005.png,train,locally_tampered,False
locally_tampered_tampered_02080,locally_tampered/tampered_02080.png,2,locally_tampered_masks/tampered_02080.png,val,locally_tampered,False
locally_tampered_tampered_02181,locally_tampered/tampered_02181.png,2,locally_tampered_masks/tampered_02181.png,train,locally_tampered,False
locally_tampered_tampered_02299,locally_tampered/tampered_02299.png,2,locally_tampered_masks/tampered_02299.png,train,locally_tampered,False
locally_tampered_tampered_02471,locally_tampered/tampered_02471.png,2,locally_tampered_masks/tampered_02471.png,train,locally_tampered,False
locally_tampered_tampered_02529,locally_tampered/tampered_02529.png,2,locally_tampered_masks/tampered_02529.png,train,locally_tampered,False
locally_tampered_tampered_02564,locally_tampered/tampered_02564.png,2,locally_tampered_masks/tampered_02564.png,train,locally_tampered,False
locally_tampered_tampered_02605,locally_tampered/tampered_02605.png,2,locally_tampered_masks/tampered_02605.png,train,locally_tampered,False
locally_tampered_tampered_02623,locally_tampered/tampered_02623.png,2,locally_tampered_masks/tampered_02623.png,train,locally_tampered,False
locally_tampered_tampered_02671,locally_tampered/tampered_02671.png,2,locally_tampered_masks/tampered_02671.png,train,locally_tampered,False
locally_tampered_tampered_02715,locally_tampered/tampered_02715.png,2,locally_tampered_masks/tampered_02715.png,val,locally_tampered,False
locally_tampered_tampered_02783,locally_tampered/tampered_02783.png,2,locally_tampered_masks/tampered_02783.png,val,locally_tampered,False
locally_tampered_tampered_02846,locally_tampered/tampered_02846.png,2,locally_tampered_masks/tampered_02846.png,val,locally_tampered,False
locally_tampered_tampered_02931,locally_tampered/tampered_02931.png,2,locally_tampered_masks/tampered_02931.png,train,locally_tampered,False
locally_tampered_tampered_03035,locally_tampered/tampered_03035.png,2,locally_tampered_masks/tampered_03035.png,test,locally_tampered,False
locally_tampered_tampered_03037,locally_tampered/tampered_03037.png,2,locally_tampered_masks/tampered_03037.png,train,locally_tampered,False
locally_tampered_tampered_03121,locally_tampered/tampered_03121.png,2,locally_tampered_masks/tampered_03121.png,val,locally_tampered,False
locally_tampered_tampered_03151,locally_tampered/tampered_03151.png,2,locally_tampered_masks/tampered_03151.png,train,locally_tampered,False
locally_tampered_tampered_03180,locally_tampered/tampered_03180.png,2,locally_tampered_masks/tampered_03180.png,train,locally_tampered,False
locally_tampered_tampered_03220,locally_tampered/tampered_03220.png,2,locally_tampered_masks/tampered_03220.png,train,locally_tampered,False
locally_tampered_tampered_03259,locally_tampered/tampered_03259.png,2,locally_tampered_masks/tampered_03259.png,train,locally_tampered,False
locally_tampered_tampered_03353,locally_tampered/tampered_03353.png,2,locally_tampered_masks/tampered_03353.png,val,locally_tampered,False
locally_tampered_tampered_03361,locally_tampered/tampered_03361.png,2,locally_tampered_masks/tampered_03361.png,train,locally_tampered,False
locally_tampered_tampered_03374,locally_tampered/tampered_03374.png,2,locally_tampered_masks/tampered_03374.png,val,locally_tampered,False
locally_tampered_tampered_03419,locally_tampered/tampered_03419.png,2,locally_tampered_masks/tampered_03419.png,train,locally_tampered,False
locally_tampered_tampered_03533,locally_tampered/tampered_03533.png,2,locally_tampered_masks/tampered_03533.png,train,locally_tampered,False
locally_tampered_tampered_03554,locally_tampered/tampered_03554.png,2,locally_tampered_masks/tampered_03554.png,train,locally_tampered,False
locally_tampered_tampered_03608,locally_tampered/tampered_03608.png,2,locally_tampered_masks/tampered_03608.png,val,locally_tampered,False
locally_tampered_tampered_03647,locally_tampered/tampered_03647.png,2,locally_tampered_masks/tampered_03647.png,train,locally_tampered,False
locally_tampered_tampered_03717,locally_tampered/tampered_03717.png,2,locally_tampered_masks/tampered_03717.png,train,locally_tampered,False
locally_tampered_tampered_03726,locally_tampered/tampered_03726.png,2,locally_tampered_masks/tampered_03726.png,train,locally_tampered,False
locally_tampered_tampered_03795,locally_tampered/tampered_03795.png,2,locally_tampered_masks/tampered_03795.png,train,locally_tampered,False
locally_tampered_tampered_03890,locally_tampered/tampered_03890.png,2,locally_tampered_masks/tampered_03890.png,train,locally_tampered,False
locally_tampered_tampered_04005,locally_tampered/tampered_04005.png,2,locally_tampered_masks/tampered_04005.png,test,locally_tampered,False
locally_tampered_tampered_04088,locally_tampered/tampered_04088.png,2,locally_tampered_masks/tampered_04088.png,train,locally_tampered,False
locally_tampered_tampered_04180,locally_tampered/tampered_04180.png,2,locally_tampered_masks/tampered_04180.png,train,locally_tampered,False
locally_tampered_tampered_04228,locally_tampered/tampered_04228.png,2,locally_tampered_masks/tampered_04228.png,train,locally_tampered,False
locally_tampered_tampered_04254,locally_tampered/tampered_04254.png,2,locally_tampered_masks/tampered_04254.png,train,locally_tampered,False
locally_tampered_tampered_04303,locally_tampered/tampered_04303.png,2,locally_tampered_masks/tampered_04303.png,train,locally_tampered,False
locally_tampered_tampered_04380,locally_tampered/tampered_04380.png,2,locally_tampered_masks/tampered_04380.png,train,locally_tampered,False
locally_tampered_tampered_04395,locally_tampered/tampered_04395.png,2,locally_tampered_masks/tampered_04395.png,val,locally_tampered,False
locally_tampered_tampered_04431,locally_tampered/tampered_04431.png,2,locally_tampered_masks/tampered_04431.png,train,locally_tampered,False
locally_tampered_tampered_04433,locally_tampered/tampered_04433.png,2,locally_tampered_masks/tampered_04433.png,train,locally_tampered,False
locally_tampered_tampered_04438,locally_tampered/tampered_04438.png,2,locally_tampered_masks/tampered_04438.png,val,locally_tampered,False
locally_tampered_tampered_04475,locally_tampered/tampered_04475.png,2,locally_tampered_masks/tampered_04475.png,train,locally_tampered,False
locally_tampered_tampered_04608,locally_tampered/tampered_04608.png,2,locally_tampered_masks/tampered_04608.png,val,locally_tampered,False
locally_tampered_tampered_04622,locally_tampered/tampered_04622.png,2,locally_tampered_masks/tampered_04622.png,train,locally_tampered,False
locally_tampered_tampered_04962,locally_tampered/tampered_04962.png,2,locally_tampered_masks/tampered_04962.png,val,locally_tampered,False
locally_tampered_tampered_04982,locally_tampered/tampered_04982.png,2,locally_tampered_masks/tampered_04982.png,train,locally_tampered,False
locally_tampered_tampered_04990,locally_tampered/tampered_04990.png,2,locally_tampered_masks/tampered_04990.png,train,locally_tampered,False
locally_tampered_tampered_05018,locally_tampered/tampered_05018.png,2,locally_tampered_masks/tampered_05018.png,train,locally_tampered,False
locally_tampered_tampered_05162,locally_tampered/tampered_05162.png,2,locally_tampered_masks/tampered_05162.png,train,locally_tampered,False
locally_tampered_tampered_05201,locally_tampered/tampered_05201.png,2,locally_tampered_masks/tampered_05201.png,train,locally_tampered,False
locally_tampered_tampered_05267,locally_tampered/tampered_05267.png,2,locally_tampered_masks/tampered_05267.png,val,locally_tampered,False
locally_tampered_tampered_05658,locally_tampered/tampered_05658.jpg,2,locally_tampered_masks/tampered_05658.png,train,locally_tampered,False
locally_tampered_tampered_05693,locally_tampered/tampered_05693.jpg,2,locally_tampered_masks/tampered_05693.png,train,locally_tampered,False
locally_tampered_tampered_05739,locally_tampered/tampered_05739.jpg,2,locally_tampered_masks/tampered_05739.png,train,locally_tampered,False
locally_tampered_tampered_05963,locally_tampered/tampered_05963.jpg,2,locally_tampered_masks/tampered_05963.png,train,locally_tampered,False
locally_tampered_tampered_06052,locally_tampered/tampered_06052.jpg,2,locally_tampered_masks/tampered_06052.png,train,locally_tampered,False
locally_tampered_tampered_06064,locally_tampered/tampered_06064.jpg,2,locally_tampered_masks/tampered_06064.png,val,locally_tampered,False
locally_tampered_tampered_06097,locally_tampered/tampered_06097.jpg,2,locally_tampered_masks/tampered_06097.png,train,locally_tampered,False
locally_tampered_tampered_06132,locally_tampered/tampered_06132.jpg,2,locally_tampered_masks/tampered_06132.png,test,locally_tampered,False
locally_tampered_tampered_06219,locally_tampered/tampered_06219.jpg,2,locally_tampered_masks/tampered_06219.png,train,locally_tampered,False
locally_tampered_tampered_06365,locally_tampered/tampered_06365.jpg,2,locally_tampered_masks/tampered_06365.png,train,locally_tampered,False
locally_tampered_tampered_06425,locally_tampered/tampered_06425.jpg,2,locally_tampered_masks/tampered_06425.png,train,locally_tampered,False
locally_tampered_tampered_06473,locally_tampered/tampered_06473.jpg,2,locally_tampered_masks/tampered_06473.png,train,locally_tampered,False
locally_tampered_tampered_06500,locally_tampered/tampered_06500.jpg,2,locally_tampered_masks/tampered_06500.png,train,locally_tampered,False
locally_tampered_tampered_06624,locally_tampered/tampered_06624.jpg,2,locally_tampered_masks/tampered_06624.png,train,locally_tampered,False
locally_tampered_tampered_06642,locally_tampered/tampered_06642.jpg,2,locally_tampered_masks/tampered_06642.png,train,locally_tampered,False
locally_tampered_tampered_06814,locally_tampered/tampered_06814.jpg,2,locally_tampered_masks/tampered_06814.png,train,locally_tampered,False
locally_tampered_tampered_06848,locally_tampered/tampered_06848.jpg,2,locally_tampered_masks/tampered_06848.png,train,locally_tampered,False
locally_tampered_tampered_06867,locally_tampered/tampered_06867.jpg,2,locally_tampered_masks/tampered_06867.png,train,locally_tampered,False
locally_tampered_tampered_06911,locally_tampered/tampered_06911.jpg,2,locally_tampered_masks/tampered_06911.png,train,locally_tampered,False
locally_tampered_tampered_06923,locally_tampered/tampered_06923.jpg,2,locally_tampered_masks/tampered_06923.png,train,locally_tampered,False
locally_tampered_tampered_07038,locally_tampered/tampered_07038.jpg,2,locally_tampered_masks/tampered_07038.png,train,locally_tampered,False
locally_tampered_tampered_07108,locally_tampered/tampered_07108.jpg,2,locally_tampered_masks/tampered_07108.png,train,locally_tampered,False
locally_tampered_tampered_07283,locally_tampered/tampered_07283.jpg,2,locally_tampered_masks/tampered_07283.png,train,locally_tampered,False
locally_tampered_tampered_07292,locally_tampered/tampered_07292.jpg,2,locally_tampered_masks/tampered_07292.png,val,locally_tampered,False
locally_tampered_tampered_07344,locally_tampered/tampered_07344.jpg,2,locally_tampered_masks/tampered_07344.png,val,locally_tampered,False
locally_tampered_tampered_07367,locally_tampered/tampered_07367.jpg,2,locally_tampered_masks/tampered_07367.png,train,locally_tampered,False
locally_tampered_tampered_07481,locally_tampered/tampered_07481.jpg,2,locally_tampered_masks/tampered_07481.png,val,locally_tampered,False
locally_tampered_tampered_07589,locally_tampered/tampered_07589.jpg,2,locally_tampered_masks/tampered_07589.png,train,locally_tampered,False
locally_tampered_tampered_07599,locally_tampered/tampered_07599.jpg,2,locally_tampered_masks/tampered_07599.png,train,locally_tampered,False
locally_tampered_tampered_07664,locally_tampered/tampered_07664.jpg,2,locally_tampered_masks/tampered_07664.png,train,locally_tampered,False
locally_tampered_tampered_07673,locally_tampered/tampered_07673.jpg,2,locally_tampered_masks/tampered_07673.png,train,locally_tampered,False
locally_tampered_tampered_07717,locally_tampered/tampered_07717.jpg,2,locally_tampered_masks/tampered_07717.png,train,locally_tampered,False
locally_tampered_tampered_07720,locally_tampered/tampered_07720.jpg,2,locally_tampered_masks/tampered_07720.png,test,locally_tampered,False
locally_tampered_tampered_07726,locally_tampered/tampered_07726.jpg,2,locally_tampered_masks/tampered_07726.png,train,locally_tampered,False
locally_tampered_tampered_08025,locally_tampered/tampered_08025.jpg,2,locally_tampered_masks/tampered_08025.png,train,locally_tampered,False
locally_tampered_tampered_08285,locally_tampered/tampered_08285.jpg,2,locally_tampered_masks/tampered_08285.png,train,locally_tampered,False
locally_tampered_tampered_08305,locally_tampered/tampered_08305.jpg,2,locally_tampered_masks/tampered_08305.png,train,locally_tampered,False
locally_tampered_tampered_08324,locally_tampered/tampered_08324.jpg,2,locally_tampered_masks/tampered_08324.png,train,locally_tampered,False
locally_tampered_tampered_08388,locally_tampered/tampered_08388.jpg,2,locally_tampered_masks/tampered_08388.png,val,locally_tampered,False
locally_tampered_tampered_08741,locally_tampered/tampered_08741.jpg,2,locally_tampered_masks/tampered_08741.png,val,locally_tampered,False
locally_tampered_tampered_08763,locally_tampered/tampered_08763.jpg,2,locally_tampered_masks/tampered_08763.png,train,locally_tampered,False
locally_tampered_tampered_09267,locally_tampered/tampered_09267.jpg,2,locally_tampered_masks/tampered_09267.png,train,locally_tampered,False
locally_tampered_tampered_09335,locally_tampered/tampered_09335.jpg,2,locally_tampered_masks/tampered_09335.png,test,locally_tampered,False
locally_tampered_tampered_09606,locally_tampered/tampered_09606.jpg,2,locally_tampered_masks/tampered_09606.png,train,locally_tampered,False
locally_tampered_tampered_09633,locally_tampered/tampered_09633.jpg,2,locally_tampered_masks/tampered_09633.png,train,locally_tampered,False
locally_tampered_tampered_09679,locally_tampered/tampered_09679.jpg,2,locally_tampered_masks/tampered_09679.png,train,locally_tampered,False
locally_tampered_tampered_09797,locally_tampered/tampered_09797.jpg,2,locally_tampered_masks/tampered_09797.png,train,locally_tampered,False
locally_tampered_tampered_09997,locally_tampered/tampered_09997.jpg,2,locally_tampered_masks/tampered_09997.png,train,locally_tampered,False
locally_tampered_tampered_10068,locally_tampered/tampered_10068.jpg,2,locally_tampered_masks/tampered_10068.png,val,locally_tampered,False
locally_tampered_tampered_10130,locally_tampered/tampered_10130.jpg,2,locally_tampered_masks/tampered_10130.png,train,locally_tampered,False
locally_tampered_tampered_10163,locally_tampered/tampered_10163.jpg,2,locally_tampered_masks/tampered_10163.png,train,locally_tampered,False
locally_tampered_tampered_10167,locally_tampered/tampered_10167.jpg,2,locally_tampered_masks/tampered_10167.png,train,locally_tampered,False
locally_tampered_tampered_10212,locally_tampered/tampered_10212.jpg,2,locally_tampered_masks/tampered_10212.png,train,locally_tampered,False
locally_tampered_tampered_10230,locally_tampered/tampered_10230.jpg,2,locally_tampered_masks/tampered_10230.png,val,locally_tampered,False
locally_tampered_tampered_10249,locally_tampered/tampered_10249.jpg,2,locally_tampered_masks/tampered_10249.png,train,locally_tampered,False
locally_tampered_tampered_10255,locally_tampered/tampered_10255.jpg,2,locally_tampered_masks/tampered_10255.png,train,locally_tampered,False
locally_tampered_tampered_10510,locally_tampered/tampered_10510.jpg,2,locally_tampered_masks/tampered_10510.png,train,locally_tampered,False
locally_tampered_tampered_10592,locally_tampered/tampered_10592.jpg,2,locally_tampered_masks/tampered_10592.png,train,locally_tampered,False
locally_tampered_tampered_10755,locally_tampered/tampered_10755.jpg,2,locally_tampered_masks/tampered_10755.png,train,locally_tampered,False
locally_tampered_tampered_10798,locally_tampered/tampered_10798.jpg,2,locally_tampered_masks/tampered_10798.png,train,locally_tampered,False
locally_tampered_tampered_10932,locally_tampered/tampered_10932.jpg,2,locally_tampered_masks/tampered_10932.png,val,locally_tampered,False
locally_tampered_tampered_10962,locally_tampered/tampered_10962.jpg,2,locally_tampered_masks/tampered_10962.png,train,locally_tampered,False
locally_tampered_tampered_10970,locally_tampered/tampered_10970.jpg,2,locally_tampered_masks/tampered_10970.png,train,locally_tampered,False
locally_tampered_tampered_10983,locally_tampered/tampered_10983.jpg,2,locally_tampered_masks/tampered_10983.png,val,locally_tampered,False
locally_tampered_tampered_11023,locally_tampered/tampered_11023.jpg,2,locally_tampered_masks/tampered_11023.png,train,locally_tampered,False
locally_tampered_tampered_11100,locally_tampered/tampered_11100.jpg,2,locally_tampered_masks/tampered_11100.png,train,locally_tampered,False
locally_tampered_tampered_11111,locally_tampered/tampered_11111.jpg,2,locally_tampered_masks/tampered_11111.png,train,locally_tampered,False
locally_tampered_tampered_11157,locally_tampered/tampered_11157.jpg,2,locally_tampered_masks/tampered_11157.png,train,locally_tampered,False
locally_tampered_tampered_11163,locally_tampered/tampered_11163.jpg,2,locally_tampered_masks/tampered_11163.png,val,locally_tampered,False
locally_tampered_tampered_11217,locally_tampered/tampered_11217.jpg,2,locally_tampered_masks/tampered_11217.png,train,locally_tampered,False
locally_tampered_tampered_11254,locally_tampered/tampered_11254.jpg,2,locally_tampered_masks/tampered_11254.png,val,locally_tampered,False
locally_tampered_tampered_11326,locally_tampered/tampered_11326.png,2,locally_tampered_masks/tampered_11326.png,train,locally_tampered,False
locally_tampered_tampered_11346,locally_tampered/tampered_11346.jpg,2,locally_tampered_masks/tampered_11346.png,val,locally_tampered,False
locally_tampered_tampered_11362,locally_tampered/tampered_11362.jpg,2,locally_tampered_masks/tampered_11362.png,train,locally_tampered,False
locally_tampered_tampered_11453,locally_tampered/tampered_11453.jpg,2,locally_tampered_masks/tampered_11453.png,train,locally_tampered,False
locally_tampered_tampered_11588,locally_tampered/tampered_11588.jpg,2,locally_tampered_masks/tampered_11588.png,train,locally_tampered,False
locally_tampered_tampered_11687,locally_tampered/tampered_11687.jpg,2,locally_tampered_masks/tampered_11687.png,train,locally_tampered,False
locally_tampered_tampered_11748,locally_tampered/tampered_11748.jpg,2,locally_tampered_masks/tampered_11748.png,test,locally_tampered,False
locally_tampered_tampered_11827,locally_tampered/tampered_11827.jpg,2,locally_tampered_masks/tampered_11827.png,train,locally_tampered,False
locally_tampered_tampered_11844,locally_tampered/tampered_11844.jpg,2,locally_tampered_masks/tampered_11844.png,test,locally_tampered,False
locally_tampered_tampered_11863,locally_tampered/tampered_11863.jpg,2,locally_tampered_masks/tampered_11863.png,train,locally_tampered,False
locally_tampered_tampered_11906,locally_tampered/tampered_11906.jpg,2,locally_tampered_masks/tampered_11906.png,train,locally_tampered,False
locally_tampered_tampered_12009,locally_tampered/tampered_12009.jpg,2,locally_tampered_masks/tampered_12009.png,train,locally_tampered,False
locally_tampered_tampered_12038,locally_tampered/tampered_12038.jpg,2,locally_tampered_masks/tampered_12038.png,train,locally_tampered,False
locally_tampered_tampered_12053,locally_tampered/tampered_12053.jpg,2,locally_tampered_masks/tampered_12053.png,test,locally_tampered,False
locally_tampered_tampered_12163,locally_tampered/tampered_12163.jpg,2,locally_tampered_masks/tampered_12163.png,train,locally_tampered,False
locally_tampered_tampered_12230,locally_tampered/tampered_12230.jpg,2,locally_tampered_masks/tampered_12230.png,val,locally_tampered,False
locally_tampered_tampered_12273,locally_tampered/tampered_12273.jpg,2,locally_tampered_masks/tampered_12273.png,train,locally_tampered,False
locally_tampered_tampered_12299,locally_tampered/tampered_12299.jpg,2,locally_tampered_masks/tampered_12299.png,train,locally_tampered,False
locally_tampered_tampered_12487,locally_tampered/tampered_12487.jpg,2,locally_tampered_masks/tampered_12487.png,train,locally_tampered,False
locally_tampered_tampered_12573,locally_tampered/tampered_12573.jpg,2,locally_tampered_masks/tampered_12573.png,train,locally_tampered,False
locally_tampered_tampered_12596,locally_tampered/tampered_12596.jpg,2,locally_tampered_masks/tampered_12596.png,train,locally_tampered,False
locally_tampered_tampered_12708,locally_tampered/tampered_12708.jpg,2,locally_tampered_masks/tampered_12708.png,val,locally_tampered,False
locally_tampered_tampered_12724,locally_tampered/tampered_12724.jpg,2,locally_tampered_masks/tampered_12724.png,val,locally_tampered,False
locally_tampered_tampered_12983,locally_tampered/tampered_12983.jpg,2,locally_tampered_masks/tampered_12983.png,train,locally_tampered,False
locally_tampered_tampered_13089,locally_tampered/tampered_13089.jpg,2,locally_tampered_masks/tampered_13089.png,train,locally_tampered,False
locally_tampered_tampered_13169,locally_tampered/tampered_13169.jpg,2,locally_tampered_masks/tampered_13169.png,train,locally_tampered,False
locally_tampered_tampered_13174,locally_tampered/tampered_13174.jpg,2,locally_tampered_masks/tampered_13174.png,train,locally_tampered,False
locally_tampered_tampered_13181,locally_tampered/tampered_13181.jpg,2,locally_tampered_masks/tampered_13181.png,train,locally_tampered,False
locally_tampered_tampered_13222,locally_tampered/tampered_13222.jpg,2,locally_tampered_masks/tampered_13222.png,train,locally_tampered,False
locally_tampered_tampered_13290,locally_tampered/tampered_13290.jpg,2,locally_tampered_masks/tampered_13290.png,train,locally_tampered,False
locally_tampered_tampered_13327,locally_tampered/tampered_13327.jpg,2,locally_tampered_masks/tampered_13327.png,train,locally_tampered,False
locally_tampered_tampered_13552,locally_tampered/tampered_13552.jpg,2,locally_tampered_masks/tampered_13552.png,val,locally_tampered,False
locally_tampered_tampered_13576,locally_tampered/tampered_13576.jpg,2,locally_tampered_masks/tampered_13576.png,train,locally_tampered,False
locally_tampered_tampered_13584,locally_tampered/tampered_13584.jpg,2,locally_tampered_masks/tampered_13584.png,train,locally_tampered,False
locally_tampered_tampered_13622,locally_tampered/tampered_13622.jpg,2,locally_tampered_masks/tampered_13622.png,test,locally_tampered,False
locally_tampered_tampered_13650,locally_tampered/tampered_13650.jpg,2,locally_tampered_masks/tampered_13650.png,train,locally_tampered,False
locally_tampered_tampered_13692,locally_tampered/tampered_13692.jpg,2,locally_tampered_masks/tampered_13692.png,train,locally_tampered,False
locally_tampered_tampered_13707,locally_tampered/tampered_13707.jpg,2,locally_tampered_masks/tampered_13707.png,val,locally_tampered,False
locally_tampered_tampered_13766,locally_tampered/tampered_13766.jpg,2,locally_tampered_masks/tampered_13766.png,test,locally_tampered,False
locally_tampered_tampered_13845,locally_tampered/tampered_13845.jpg,2,locally_tampered_masks/tampered_13845.png,train,locally_tampered,False
locally_tampered_tampered_13851,locally_tampered/tampered_13851.jpg,2,locally_tampered_masks/tampered_13851.png,train,locally_tampered,False
locally_tampered_tampered_13858,locally_tampered/tampered_13858.jpg,2,locally_tampered_masks/tampered_13858.png,train,locally_tampered,False
locally_tampered_tampered_13932,locally_tampered/tampered_13932.jpg,2,locally_tampered_masks/tampered_13932.png,train,locally_tampered,False
locally_tampered_tampered_14001,locally_tampered/tampered_14001.jpg,2,locally_tampered_masks/tampered_14001.png,val,locally_tampered,False
locally_tampered_tampered_14022,locally_tampered/tampered_14022.jpg,2,locally_tampered_masks/tampered_14022.png,test,locally_tampered,False
locally_tampered_tampered_14074,locally_tampered/tampered_14074.jpg,2,locally_tampered_masks/tampered_14074.png,train,locally_tampered,False
locally_tampered_tampered_14163,locally_tampered/tampered_14163.jpg,2,locally_tampered_masks/tampered_14163.png,train,locally_tampered,False
locally_tampered_tampered_14202,locally_tampered/tampered_14202.jpg,2,locally_tampered_masks/tampered_14202.png,train,locally_tampered,False
locally_tampered_tampered_14274,locally_tampered/tampered_14274.png,2,locally_tampered_masks/tampered_14274.png,train,locally_tampered,False
locally_tampered_tampered_14401,locally_tampered/tampered_14401.jpg,2,locally_tampered_masks/tampered_14401.png,test,locally_tampered,False
locally_tampered_tampered_14454,locally_tampered/tampered_14454.jpg,2,locally_tampered_masks/tampered_14454.png,train,locally_tampered,False
locally_tampered_tampered_14474,locally_tampered/tampered_14474.png,2,locally_tampered_masks/tampered_14474.png,train,locally_tampered,False
locally_tampered_tampered_14523,locally_tampered/tampered_14523.jpg,2,locally_tampered_masks/tampered_14523.png,train,locally_tampered,False
locally_tampered_tampered_14648,locally_tampered/tampered_14648.jpg,2,locally_tampered_masks/tampered_14648.png,train,locally_tampered,False
locally_tampered_tampered_14664,locally_tampered/tampered_14664.jpg,2,locally_tampered_masks/tampered_14664.png,train,locally_tampered,False
locally_tampered_tampered_15072,locally_tampered/tampered_15072.jpg,2,locally_tampered_masks/tampered_15072.png,train,locally_tampered,False
locally_tampered_tampered_15073,locally_tampered/tampered_15073.jpg,2,locally_tampered_masks/tampered_15073.png,train,locally_tampered,False
locally_tampered_tampered_15170,locally_tampered/tampered_15170.jpg,2,locally_tampered_masks/tampered_15170.png,test,locally_tampered,False
locally_tampered_tampered_15267,locally_tampered/tampered_15267.jpg,2,locally_tampered_masks/tampered_15267.png,train,locally_tampered,False
locally_tampered_tampered_15331,locally_tampered/tampered_15331.jpg,2,locally_tampered_masks/tampered_15331.png,train,locally_tampered,False
locally_tampered_tampered_15413,locally_tampered/tampered_15413.jpg,2,locally_tampered_masks/tampered_15413.png,test,locally_tampered,False
locally_tampered_tampered_15420,locally_tampered/tampered_15420.jpg,2,locally_tampered_masks/tampered_15420.png,val,locally_tampered,False
locally_tampered_tampered_15540,locally_tampered/tampered_15540.jpg,2,locally_tampered_masks/tampered_15540.png,train,locally_tampered,False
locally_tampered_tampered_15552,locally_tampered/tampered_15552.jpg,2,locally_tampered_masks/tampered_15552.png,test,locally_tampered,False
locally_tampered_tampered_15584,locally_tampered/tampered_15584.jpg,2,locally_tampered_masks/tampered_15584.png,train,locally_tampered,False
locally_tampered_tampered_15616,locally_tampered/tampered_15616.jpg,2,locally_tampered_masks/tampered_15616.png,train,locally_tampered,False
locally_tampered_tampered_15682,locally_tampered/tampered_15682.jpg,2,locally_tampered_masks/tampered_15682.png,train,locally_tampered,False
locally_tampered_tampered_15810,locally_tampered/tampered_15810.jpg,2,locally_tampered_masks/tampered_15810.png,train,locally_tampered,False
locally_tampered_tampered_15886,locally_tampered/tampered_15886.jpg,2,locally_tampered_masks/tampered_15886.png,train,locally_tampered,False
locally_tampered_tampered_15974,locally_tampered/tampered_15974.jpg,2,locally_tampered_masks/tampered_15974.png,train,locally_tampered,False
locally_tampered_tampered_15983,locally_tampered/tampered_15983.jpg,2,locally_tampered_masks/tampered_15983.png,train,locally_tampered,False
locally_tampered_tampered_16155,locally_tampered/tampered_16155.jpg,2,locally_tampered_masks/tampered_16155.png,train,locally_tampered,False
locally_tampered_tampered_16250,locally_tampered/tampered_16250.jpg,2,locally_tampered_masks/tampered_16250.png,test,locally_tampered,False
locally_tampered_tampered_16328,locally_tampered/tampered_16328.jpg,2,locally_tampered_masks/tampered_16328.png,train,locally_tampered,False
locally_tampered_tampered_16552,locally_tampered/tampered_16552.jpg,2,locally_tampered_masks/tampered_16552.png,train,locally_tampered,False
locally_tampered_tampered_16554,locally_tampered/tampered_16554.jpg,2,locally_tampered_masks/tampered_16554.png,train,locally_tampered,False
locally_tampered_tampered_16769,locally_tampered/tampered_16769.jpg,2,locally_tampered_masks/tampered_16769.png,train,locally_tampered,False
locally_tampered_tampered_16793,locally_tampered/tampered_16793.jpg,2,locally_tampered_masks/tampered_16793.png,test,locally_tampered,False
locally_tampered_tampered_16875,locally_tampered/tampered_16875.jpg,2,locally_tampered_masks/tampered_16875.png,train,locally_tampered,False
locally_tampered_tampered_16906,locally_tampered/tampered_16906.jpg,2,locally_tampered_masks/tampered_16906.png,train,locally_tampered,False
locally_tampered_tampered_16940,locally_tampered/tampered_16940.jpg,2,locally_tampered_masks/tampered_16940.png,train,locally_tampered,False
locally_tampered_tampered_16952,locally_tampered/tampered_16952.jpg,2,locally_tampered_masks/tampered_16952.png,train,locally_tampered,False
locally_tampered_tampered_16986,locally_tampered/tampered_16986.jpg,2,locally_tampered_masks/tampered_16986.png,train,locally_tampered,False
locally_tampered_tampered_17210,locally_tampered/tampered_17210.jpg,2,locally_tampered_masks/tampered_17210.png,train,locally_tampered,False
locally_tampered_tampered_17308,locally_tampered/tampered_17308.jpg,2,locally_tampered_masks/tampered_17308.png,train,locally_tampered,False
locally_tampered_tampered_17320,locally_tampered/tampered_17320.jpg,2,locally_tampered_masks/tampered_17320.png,val,locally_tampered,False
locally_tampered_tampered_17343,locally_tampered/tampered_17343.jpg,2,locally_tampered_masks/tampered_17343.png,train,locally_tampered,False
locally_tampered_tampered_17406,locally_tampered/tampered_17406.jpg,2,locally_tampered_masks/tampered_17406.png,train,locally_tampered,False
locally_tampered_tampered_17450,locally_tampered/tampered_17450.jpg,2,locally_tampered_masks/tampered_17450.png,train,locally_tampered,False
locally_tampered_tampered_17505,locally_tampered/tampered_17505.jpg,2,locally_tampered_masks/tampered_17505.png,train,locally_tampered,False
locally_tampered_tampered_17531,locally_tampered/tampered_17531.jpg,2,locally_tampered_masks/tampered_17531.png,test,locally_tampered,False
locally_tampered_tampered_17537,locally_tampered/tampered_17537.jpg,2,locally_tampered_masks/tampered_17537.png,train,locally_tampered,False
locally_tampered_tampered_17598,locally_tampered/tampered_17598.jpg,2,locally_tampered_masks/tampered_17598.png,train,locally_tampered,False
locally_tampered_tampered_17622,locally_tampered/tampered_17622.jpg,2,locally_tampered_masks/tampered_17622.png,train,locally_tampered,False
locally_tampered_tampered_17671,locally_tampered/tampered_17671.jpg,2,locally_tampered_masks/tampered_17671.png,train,locally_tampered,False
locally_tampered_tampered_17680,locally_tampered/tampered_17680.jpg,2,locally_tampered_masks/tampered_17680.png,train,locally_tampered,False
locally_tampered_tampered_17691,locally_tampered/tampered_17691.jpg,2,locally_tampered_masks/tampered_17691.png,train,locally_tampered,False
locally_tampered_tampered_17728,locally_tampered/tampered_17728.jpg,2,locally_tampered_masks/tampered_17728.png,train,locally_tampered,False
locally_tampered_tampered_17732,locally_tampered/tampered_17732.jpg,2,locally_tampered_masks/tampered_17732.png,train,locally_tampered,False
locally_tampered_tampered_17879,locally_tampered/tampered_17879.jpg,2,locally_tampered_masks/tampered_17879.png,train,locally_tampered,False
locally_tampered_tampered_18031,locally_tampered/tampered_18031.jpg,2,locally_tampered_masks/tampered_18031.png,train,locally_tampered,False
locally_tampered_tampered_18074,locally_tampered/tampered_18074.jpg,2,locally_tampered_masks/tampered_18074.png,train,locally_tampered,False
locally_tampered_tampered_18201,locally_tampered/tampered_18201.jpg,2,locally_tampered_masks/tampered_18201.png,train,locally_tampered,False
locally_tampered_tampered_18263,locally_tampered/tampered_18263.jpg,2,locally_tampered_masks/tampered_18263.png,train,locally_tampered,False
locally_tampered_tampered_18448,locally_tampered/tampered_18448.jpg,2,locally_tampered_masks/tampered_18448.png,val,locally_tampered,False
locally_tampered_tampered_18585,locally_tampered/tampered_18585.jpg,2,locally_tampered_masks/tampered_18585.png,train,locally_tampered,False
locally_tampered_tampered_18636,locally_tampered/tampered_18636.jpg,2,locally_tampered_masks/tampered_18636.png,train,locally_tampered,False
locally_tampered_tampered_18661,locally_tampered/tampered_18661.jpg,2,locally_tampered_masks/tampered_18661.png,train,locally_tampered,False
locally_tampered_tampered_18768,locally_tampered/tampered_18768.jpg,2,locally_tampered_masks/tampered_18768.png,test,locally_tampered,False
locally_tampered_tampered_18789,locally_tampered/tampered_18789.jpg,2,locally_tampered_masks/tampered_18789.png,test,locally_tampered,False
locally_tampered_tampered_18806,locally_tampered/tampered_18806.jpg,2,locally_tampered_masks/tampered_18806.png,train,locally_tampered,False
locally_tampered_tampered_18951,locally_tampered/tampered_18951.jpg,2,locally_tampered_masks/tampered_18951.png,train,locally_tampered,False
locally_tampered_tampered_18988,locally_tampered/tampered_18988.jpg,2,locally_tampered_masks/tampered_18988.png,train,locally_tampered,False
locally_tampered_tampered_19039,locally_tampered/tampered_19039.jpg,2,locally_tampered_masks/tampered_19039.png,train,locally_tampered,False
locally_tampered_tampered_19107,locally_tampered/tampered_19107.jpg,2,locally_tampered_masks/tampered_19107.png,train,locally_tampered,False
locally_tampered_tampered_19126,locally_tampered/tampered_19126.jpg,2,locally_tampered_masks/tampered_19126.png,train,locally_tampered,False
locally_tampered_tampered_19136,locally_tampered/tampered_19136.jpg,2,locally_tampered_masks/tampered_19136.png,train,locally_tampered,False
locally_tampered_tampered_19197,locally_tampered/tampered_19197.jpg,2,locally_tampered_masks/tampered_19197.png,train,locally_tampered,False
locally_tampered_tampered_19234,locally_tampered/tampered_19234.jpg,2,locally_tampered_masks/tampered_19234.png,test,locally_tampered,False
locally_tampered_tampered_19266,locally_tampered/tampered_19266.jpg,2,locally_tampered_masks/tampered_19266.png,val,locally_tampered,False
locally_tampered_tampered_19328,locally_tampered/tampered_19328.jpg,2,locally_tampered_masks/tampered_19328.png,test,locally_tampered,False
locally_tampered_tampered_19400,locally_tampered/tampered_19400.jpg,2,locally_tampered_masks/tampered_19400.png,train,locally_tampered,False
locally_tampered_tampered_19421,locally_tampered/tampered_19421.jpg,2,locally_tampered_masks/tampered_19421.png,train,locally_tampered,False
locally_tampered_tampered_19522,locally_tampered/tampered_19522.jpg,2,locally_tampered_masks/tampered_19522.png,train,locally_tampered,False
locally_tampered_tampered_19607,locally_tampered/tampered_19607.jpg,2,locally_tampered_masks/tampered_19607.png,val,locally_tampered,False
locally_tampered_tampered_19622,locally_tampered/tampered_19622.jpg,2,locally_tampered_masks/tampered_19622.png,test,locally_tampered,False
locally_tampered_tampered_19753,locally_tampered/tampered_19753.jpg,2,locally_tampered_masks/tampered_19753.png,train,locally_tampered,False
locally_tampered_tampered_19800,locally_tampered/tampered_19800.jpg,2,locally_tampered_masks/tampered_19800.png,train,locally_tampered,False
locally_tampered_tampered_19813,locally_tampered/tampered_19813.jpg,2,locally_tampered_masks/tampered_19813.png,train,locally_tampered,False
locally_tampered_tampered_19850,locally_tampered/tampered_19850.jpg,2,locally_tampered_masks/tampered_19850.png,train,locally_tampered,False
locally_tampered_tampered_19984,locally_tampered/tampered_19984.jpg,2,locally_tampered_masks/tampered_19984.png,train,locally_tampered,False
locally_tampered_tampered_20040,locally_tampered/tampered_20040.jpg,2,locally_tampered_masks/tampered_20040.png,train,locally_tampered,False
locally_tampered_tampered_20108,locally_tampered/tampered_20108.jpg,2,locally_tampered_masks/tampered_20108.png,train,locally_tampered,False
locally_tampered_tampered_20178,locally_tampered/tampered_20178.jpg,2,locally_tampered_masks/tampered_20178.png,train,locally_tampered,False
locally_tampered_tampered_20208,locally_tampered/tampered_20208.jpg,2,locally_tampered_masks/tampered_20208.png,train,locally_tampered,False
locally_tampered_tampered_20210,locally_tampered/tampered_20210.jpg,2,locally_tampered_masks/tampered_20210.png,train,locally_tampered,False
locally_tampered_tampered_20334,locally_tampered/tampered_20334.jpg,2,locally_tampered_masks/tampered_20334.png,train,locally_tampered,False
locally_tampered_tampered_20371,locally_tampered/tampered_20371.jpg,2,locally_tampered_masks/tampered_20371.png,train,locally_tampered,False
locally_tampered_tampered_20388,locally_tampered/tampered_20388.jpg,2,locally_tampered_masks/tampered_20388.png,train,locally_tampered,False
locally_tampered_tampered_20404,locally_tampered/tampered_20404.jpg,2,locally_tampered_masks/tampered_20404.png,train,locally_tampered,False
locally_tampered_tampered_20480,locally_tampered/tampered_20480.jpg,2,locally_tampered_masks/tampered_20480.png,train,locally_tampered,False
locally_tampered_tampered_20523,locally_tampered/tampered_20523.jpg,2,locally_tampered_masks/tampered_20523.png,train,locally_tampered,False
locally_tampered_tampered_20690,locally_tampered/tampered_20690.jpg,2,locally_tampered_masks/tampered_20690.png,val,locally_tampered,False
locally_tampered_tampered_20748,locally_tampered/tampered_20748.jpg,2,locally_tampered_masks/tampered_20748.png,train,locally_tampered,False
locally_tampered_tampered_20760,locally_tampered/tampered_20760.jpg,2,locally_tampered_masks/tampered_20760.png,test,locally_tampered,False
locally_tampered_tampered_20921,locally_tampered/tampered_20921.jpg,2,locally_tampered_masks/tampered_20921.png,train,locally_tampered,False
locally_tampered_tampered_20984,locally_tampered/tampered_20984.jpg,2,locally_tampered_masks/tampered_20984.png,train,locally_tampered,False
locally_tampered_tampered_21020,locally_tampered/tampered_21020.jpg,2,locally_tampered_masks/tampered_21020.png,train,locally_tampered,False
locally_tampered_tampered_21080,locally_tampered/tampered_21080.jpg,2,locally_tampered_masks/tampered_21080.png,train,locally_tampered,False
locally_tampered_tampered_21131,locally_tampered/tampered_21131.jpg,2,locally_tampered_masks/tampered_21131.png,train,locally_tampered,False
locally_tampered_tampered_21321,locally_tampered/tampered_21321.jpg,2,locally_tampered_masks/tampered_21321.png,val,locally_tampered,False
locally_tampered_tampered_21329,locally_tampered/tampered_21329.jpg,2,locally_tampered_masks/tampered_21329.png,val,locally_tampered,False
locally_tampered_tampered_21330,locally_tampered/tampered_21330.jpg,2,locally_tampered_masks/tampered_21330.png,train,locally_tampered,False
locally_tampered_tampered_21430,locally_tampered/tampered_21430.jpg,2,locally_tampered_masks/tampered_21430.png,train,locally_tampered,False
locally_tampered_tampered_21439,locally_tampered/tampered_21439.jpg,2,locally_tampered_masks/tampered_21439.png,train,locally_tampered,False
locally_tampered_tampered_21461,locally_tampered/tampered_21461.jpg,2,locally_tampered_masks/tampered_21461.png,train,locally_tampered,False
locally_tampered_tampered_21486,locally_tampered/tampered_21486.jpg,2,locally_tampered_masks/tampered_21486.png,train,locally_tampered,False
locally_tampered_tampered_21492,locally_tampered/tampered_21492.jpg,2,locally_tampered_masks/tampered_21492.png,train,locally_tampered,False
locally_tampered_tampered_21549,locally_tampered/tampered_21549.jpg,2,locally_tampered_masks/tampered_21549.png,train,locally_tampered,False
locally_tampered_tampered_21649,locally_tampered/tampered_21649.jpg,2,locally_tampered_masks/tampered_21649.png,test,locally_tampered,False
locally_tampered_tampered_21660,locally_tampered/tampered_21660.jpg,2,locally_tampered_masks/tampered_21660.png,train,locally_tampered,False
locally_tampered_tampered_21700,locally_tampered/tampered_21700.jpg,2,locally_tampered_masks/tampered_21700.png,train,locally_tampered,False
locally_tampered_tampered_21724,locally_tampered/tampered_21724.jpg,2,locally_tampered_masks/tampered_21724.png,train,locally_tampered,False
locally_tampered_tampered_21809,locally_tampered/tampered_21809.jpg,2,locally_tampered_masks/tampered_21809.png,train,locally_tampered,False
locally_tampered_tampered_21864,locally_tampered/tampered_21864.jpg,2,locally_tampered_masks/tampered_21864.png,train,locally_tampered,False
locally_tampered_tampered_21875,locally_tampered/tampered_21875.jpg,2,locally_tampered_masks/tampered_21875.png,train,locally_tampered,False
locally_tampered_tampered_21969,locally_tampered/tampered_21969.jpg,2,locally_tampered_masks/tampered_21969.png,train,locally_tampered,False
locally_tampered_tampered_22033,locally_tampered/tampered_22033.jpg,2,locally_tampered_masks/tampered_22033.png,train,locally_tampered,False
locally_tampered_tampered_22161,locally_tampered/tampered_22161.jpg,2,locally_tampered_masks/tampered_22161.png,val,locally_tampered,False
locally_tampered_tampered_22201,locally_tampered/tampered_22201.jpg,2,locally_tampered_masks/tampered_22201.png,test,locally_tampered,False
locally_tampered_tampered_22303,locally_tampered/tampered_22303.jpg,2,locally_tampered_masks/tampered_22303.png,train,locally_tampered,False
locally_tampered_tampered_22318,locally_tampered/tampered_22318.jpg,2,locally_tampered_masks/tampered_22318.png,train,locally_tampered,False
locally_tampered_tampered_22374,locally_tampered/tampered_22374.jpg,2,locally_tampered_masks/tampered_22374.png,train,locally_tampered,False
locally_tampered_tampered_22407,locally_tampered/tampered_22407.jpg,2,locally_tampered_masks/tampered_22407.png,train,locally_tampered,False
locally_tampered_tampered_22475,locally_tampered/tampered_22475.jpg,2,locally_tampered_masks/tampered_22475.png,train,locally_tampered,False
locally_tampered_tampered_22512,locally_tampered/tampered_22512.jpg,2,locally_tampered_masks/tampered_22512.png,train,locally_tampered,False
locally_tampered_tampered_22521,locally_tampered/tampered_22521.jpg,2,locally_tampered_masks/tampered_22521.png,train,locally_tampered,False
locally_tampered_tampered_22630,locally_tampered/tampered_22630.jpg,2,locally_tampered_masks/tampered_22630.png,train,locally_tampered,False
locally_tampered_tampered_22932,locally_tampered/tampered_22932.jpg,2,locally_tampered_masks/tampered_22932.png,train,locally_tampered,False
locally_tampered_tampered_23017,locally_tampered/tampered_23017.jpg,2,locally_tampered_masks/tampered_23017.png,train,locally_tampered,False
locally_tampered_tampered_23036,locally_tampered/tampered_23036.jpg,2,locally_tampered_masks/tampered_23036.png,train,locally_tampered,False
locally_tampered_tampered_23256,locally_tampered/tampered_23256.jpg,2,locally_tampered_masks/tampered_23256.png,train,locally_tampered,False
locally_tampered_tampered_23521,locally_tampered/tampered_23521.jpg,2,locally_tampered_masks/tampered_23521.png,val,locally_tampered,False
locally_tampered_tampered_23549,locally_tampered/tampered_23549.jpg,2,locally_tampered_masks/tampered_23549.png,train,locally_tampered,False
locally_tampered_tampered_23579,locally_tampered/tampered_23579.jpg,2,locally_tampered_masks/tampered_23579.png,train,locally_tampered,False
locally_tampered_tampered_23659,locally_tampered/tampered_23659.jpg,2,locally_tampered_masks/tampered_23659.png,train,locally_tampered,False
locally_tampered_tampered_23704,locally_tampered/tampered_23704.jpg,2,locally_tampered_masks/tampered_23704.png,train,locally_tampered,False
locally_tampered_tampered_23756,locally_tampered/tampered_23756.jpg,2,locally_tampered_masks/tampered_23756.png,train,locally_tampered,False
locally_tampered_tampered_23812,locally_tampered/tampered_23812.jpg,2,locally_tampered_masks/tampered_23812.png,val,locally_tampered,False
locally_tampered_tampered_23868,locally_tampered/tampered_23868.jpg,2,locally_tampered_masks/tampered_23868.png,val,locally_tampered,False
locally_tampered_tampered_23874,locally_tampered/tampered_23874.jpg,2,locally_tampered_masks/tampered_23874.png,test,locally_tampered,False
locally_tampered_tampered_23935,locally_tampered/tampered_23935.jpg,2,locally_tampered_masks/tampered_23935.png,train,locally_tampered,False
locally_tampered_tampered_23979,locally_tampered/tampered_23979.jpg,2,locally_tampered_masks/tampered_23979.png,train,locally_tampered,False
locally_tampered_tampered_24184,locally_tampered/tampered_24184.jpg,2,locally_tampered_masks/tampered_24184.png,train,locally_tampered,False
locally_tampered_tampered_24275,locally_tampered/tampered_24275.jpg,2,locally_tampered_masks/tampered_24275.png,val,locally_tampered,False
locally_tampered_tampered_24277,locally_tampered/tampered_24277.jpg,2,locally_tampered_masks/tampered_24277.png,train,locally_tampered,False
locally_tampered_tampered_24378,locally_tampered/tampered_24378.jpg,2,locally_tampered_masks/tampered_24378.png,test,locally_tampered,False
locally_tampered_tampered_24421,locally_tampered/tampered_24421.jpg,2,locally_tampered_masks/tampered_24421.png,train,locally_tampered,False
locally_tampered_tampered_24460,locally_tampered/tampered_24460.jpg,2,locally_tampered_masks/tampered_24460.png,train,locally_tampered,False
locally_tampered_tampered_24643,locally_tampered/tampered_24643.jpg,2,locally_tampered_masks/tampered_24643.png,test,locally_tampered,False
locally_tampered_tampered_24646,locally_tampered/tampered_24646.jpg,2,locally_tampered_masks/tampered_24646.png,train,locally_tampered,False
locally_tampered_tampered_24702,locally_tampered/tampered_24702.jpg,2,locally_tampered_masks/tampered_24702.png,train,locally_tampered,False
locally_tampered_tampered_24769,locally_tampered/tampered_24769.jpg,2,locally_tampered_masks/tampered_24769.png,train,locally_tampered,False
locally_tampered_tampered_24801,locally_tampered/tampered_24801.jpg,2,locally_tampered_masks/tampered_24801.png,train,locally_tampered,False
locally_tampered_tampered_24845,locally_tampered/tampered_24845.png,2,locally_tampered_masks/tampered_24845.png,train,locally_tampered,False
locally_tampered_tampered_24960,locally_tampered/tampered_24960.jpg,2,locally_tampered_masks/tampered_24960.png,train,locally_tampered,False
locally_tampered_tampered_24979,locally_tampered/tampered_24979.jpg,2,locally_tampered_masks/tampered_24979.png,train,locally_tampered,False
locally_tampered_tampered_25060,locally_tampered/tampered_25060.jpg,2,locally_tampered_masks/tampered_25060.png,train,locally_tampered,False
locally_tampered_tampered_25086,locally_tampered/tampered_25086.jpg,2,locally_tampered_masks/tampered_25086.png,train,locally_tampered,False
locally_tampered_tampered_25106,locally_tampered/tampered_25106.jpg,2,locally_tampered_masks/tampered_25106.png,train,locally_tampered,False
locally_tampered_tampered_25221,locally_tampered/tampered_25221.jpg,2,locally_tampered_masks/tampered_25221.png,train,locally_tampered,False
locally_tampered_tampered_25233,locally_tampered/tampered_25233.jpg,2,locally_tampered_masks/tampered_25233.png,train,locally_tampered,False
locally_tampered_tampered_25240,locally_tampered/tampered_25240.jpg,2,locally_tampered_masks/tampered_25240.png,train,locally_tampered,False
locally_tampered_tampered_25269,locally_tampered/tampered_25269.jpg,2,locally_tampered_masks/tampered_25269.png,train,locally_tampered,False
locally_tampered_tampered_25298,locally_tampered/tampered_25298.jpg,2,locally_tampered_masks/tampered_25298.png,train,locally_tampered,False
locally_tampered_tampered_25335,locally_tampered/tampered_25335.jpg,2,locally_tampered_masks/tampered_25335.png,test,locally_tampered,False
locally_tampered_tampered_25423,locally_tampered/tampered_25423.jpg,2,locally_tampered_masks/tampered_25423.png,val,locally_tampered,False
locally_tampered_tampered_25499,locally_tampered/tampered_25499.jpg,2,locally_tampered_masks/tampered_25499.png,train,locally_tampered,False
locally_tampered_tampered_25620,locally_tampered/tampered_25620.jpg,2,locally_tampered_masks/tampered_25620.png,train,locally_tampered,False
locally_tampered_tampered_25679,locally_tampered/tampered_25679.jpg,2,locally_tampered_masks/tampered_25679.png,train,locally_tampered,False
locally_tampered_tampered_25971,locally_tampered/tampered_25971.jpg,2,locally_tampered_masks/tampered_25971.png,train,locally_tampered,False
locally_tampered_tampered_25978,locally_tampered/tampered_25978.jpg,2,locally_tampered_masks/tampered_25978.png,train,locally_tampered,False
locally_tampered_tampered_26040,locally_tampered/tampered_26040.jpg,2,locally_tampered_masks/tampered_26040.png,train,locally_tampered,False
locally_tampered_tampered_26045,locally_tampered/tampered_26045.jpg,2,locally_tampered_masks/tampered_26045.png,test,locally_tampered,False
locally_tampered_tampered_26079,locally_tampered/tampered_26079.jpg,2,locally_tampered_masks/tampered_26079.png,train,locally_tampered,False
locally_tampered_tampered_26182,locally_tampered/tampered_26182.jpg,2,locally_tampered_masks/tampered_26182.png,train,locally_tampered,False
locally_tampered_tampered_262260-3,locally_tampered/tampered_262260-3.png,2,locally_tampered_masks/tampered_262260-3.png,train,locally_tampered,False
locally_tampered_tampered_26413,locally_tampered/tampered_26413.jpg,2,locally_tampered_masks/tampered_26413.png,test,locally_tampered,False
locally_tampered_tampered_26448,locally_tampered/tampered_26448.jpg,2,locally_tampered_masks/tampered_26448.png,train,locally_tampered,False
locally_tampered_tampered_26511,locally_tampered/tampered_26511.jpg,2,locally_tampered_masks/tampered_26511.png,train,locally_tampered,False
locally_tampered_tampered_26646,locally_tampered/tampered_26646.jpg,2,locally_tampered_masks/tampered_26646.png,train,locally_tampered,False
locally_tampered_tampered_26676,locally_tampered/tampered_26676.jpg,2,locally_tampered_masks/tampered_26676.png,train,locally_tampered,False
locally_tampered_tampered_26750,locally_tampered/tampered_26750.jpg,2,locally_tampered_masks/tampered_26750.png,train,locally_tampered,False
locally_tampered_tampered_26909,locally_tampered/tampered_26909.jpg,2,locally_tampered_masks/tampered_26909.png,train,locally_tampered,False
locally_tampered_tampered_26912,locally_tampered/tampered_26912.jpg,2,locally_tampered_masks/tampered_26912.png,train,locally_tampered,False
locally_tampered_tampered_26983,locally_tampered/tampered_26983.jpg,2,locally_tampered_masks/tampered_26983.png,train,locally_tampered,False
locally_tampered_tampered_27040,locally_tampered/tampered_27040.jpg,2,locally_tampered_masks/tampered_27040.png,test,locally_tampered,False
locally_tampered_tampered_27134,locally_tampered/tampered_27134.jpg,2,locally_tampered_masks/tampered_27134.png,train,locally_tampered,False
locally_tampered_tampered_27306,locally_tampered/tampered_27306.jpg,2,locally_tampered_masks/tampered_27306.png,train,locally_tampered,False
locally_tampered_tampered_27320,locally_tampered/tampered_27320.jpg,2,locally_tampered_masks/tampered_27320.png,train,locally_tampered,False
locally_tampered_tampered_27426,locally_tampered/tampered_27426.jpg,2,locally_tampered_masks/tampered_27426.png,train,locally_tampered,False
locally_tampered_tampered_274509-2,locally_tampered/tampered_274509-2.png,2,locally_tampered_masks/tampered_274509-2.png,train,locally_tampered,False
locally_tampered_tampered_27471,locally_tampered/tampered_27471.jpg,2,locally_tampered_masks/tampered_27471.png,train,locally_tampered,False
locally_tampered_tampered_27571,locally_tampered/tampered_27571.jpg,2,locally_tampered_masks/tampered_27571.png,train,locally_tampered,False
locally_tampered_tampered_27606,locally_tampered/tampered_27606.jpg,2,locally_tampered_masks/tampered_27606.png,train,locally_tampered,False
locally_tampered_tampered_27660,locally_tampered/tampered_27660.jpg,2,locally_tampered_masks/tampered_27660.png,train,locally_tampered,False
locally_tampered_tampered_27673,locally_tampered/tampered_27673.jpg,2,locally_tampered_masks/tampered_27673.png,train,locally_tampered,False
locally_tampered_tampered_27886,locally_tampered/tampered_27886.jpg,2,locally_tampered_masks/tampered_27886.png,train,locally_tampered,False
locally_tampered_tampered_27988,locally_tampered/tampered_27988.jpg,2,locally_tampered_masks/tampered_27988.png,train,locally_tampered,False
locally_tampered_tampered_28135,locally_tampered/tampered_28135.jpg,2,locally_tampered_masks/tampered_28135.png,train,locally_tampered,False
locally_tampered_tampered_28287,locally_tampered/tampered_28287.jpg,2,locally_tampered_masks/tampered_28287.png,train,locally_tampered,False
locally_tampered_tampered_28327,locally_tampered/tampered_28327.jpg,2,locally_tampered_masks/tampered_28327.png,train,locally_tampered,False
locally_tampered_tampered_28339,locally_tampered/tampered_28339.jpg,2,locally_tampered_masks/tampered_28339.png,train,locally_tampered,False
locally_tampered_tampered_28365,locally_tampered/tampered_28365.jpg,2,locally_tampered_masks/tampered_28365.png,train,locally_tampered,False
locally_tampered_tampered_28488,locally_tampered/tampered_28488.jpg,2,locally_tampered_masks/tampered_28488.png,test,locally_tampered,False
locally_tampered_tampered_28540,locally_tampered/tampered_28540.jpg,2,locally_tampered_masks/tampered_28540.png,train,locally_tampered,False
locally_tampered_tampered_28591,locally_tampered/tampered_28591.jpg,2,locally_tampered_masks/tampered_28591.png,train,locally_tampered,False
locally_tampered_tampered_28783,locally_tampered/tampered_28783.jpg,2,locally_tampered_masks/tampered_28783.png,val,locally_tampered,False
locally_tampered_tampered_28801,locally_tampered/tampered_28801.jpg,2,locally_tampered_masks/tampered_28801.png,train,locally_tampered,False
locally_tampered_tampered_28867,locally_tampered/tampered_28867.jpg,2,locally_tampered_masks/tampered_28867.png,train,locally_tampered,False
locally_tampered_tampered_28913,locally_tampered/tampered_28913.jpg,2,locally_tampered_masks/tampered_28913.png,train,locally_tampered,False
locally_tampered_tampered_28920,locally_tampered/tampered_28920.jpg,2,locally_tampered_masks/tampered_28920.png,train,locally_tampered,False
locally_tampered_tampered_28933,locally_tampered/tampered_28933.jpg,2,locally_tampered_masks/tampered_28933.png,train,locally_tampered,False
locally_tampered_tampered_29043,locally_tampered/tampered_29043.jpg,2,locally_tampered_masks/tampered_29043.png,train,locally_tampered,False
locally_tampered_tampered_29046,locally_tampered/tampered_29046.jpg,2,locally_tampered_masks/tampered_29046.png,test,locally_tampered,False
locally_tampered_tampered_29143,locally_tampered/tampered_29143.png,2,locally_tampered_masks/tampered_29143.png,train,locally_tampered,False
locally_tampered_tampered_29205,locally_tampered/tampered_29205.jpg,2,locally_tampered_masks/tampered_29205.png,train,locally_tampered,False
locally_tampered_tampered_293785-1,locally_tampered/tampered_293785-1.png,2,locally_tampered_masks/tampered_293785-1.png,test,locally_tampered,False
locally_tampered_tampered_29503,locally_tampered/tampered_29503.jpg,2,locally_tampered_masks/tampered_29503.png,train,locally_tampered,False
locally_tampered_tampered_29546,locally_tampered/tampered_29546.jpg,2,locally_tampered_masks/tampered_29546.png,train,locally_tampered,False
locally_tampered_tampered_29551,locally_tampered/tampered_29551.jpg,2,locally_tampered_masks/tampered_29551.png,train,locally_tampered,False
locally_tampered_tampered_29659,locally_tampered/tampered_29659.jpg,2,locally_tampered_masks/tampered_29659.png,train,locally_tampered,False
locally_tampered_tampered_29699,locally_tampered/tampered_29699.jpg,2,locally_tampered_masks/tampered_29699.png,train,locally_tampered,False
locally_tampered_tampered_29745,locally_tampered/tampered_29745.jpg,2,locally_tampered_masks/tampered_29745.png,train,locally_tampered,False
locally_tampered_tampered_29746,locally_tampered/tampered_29746.jpg,2,locally_tampered_masks/tampered_29746.png,train,locally_tampered,False
locally_tampered_tampered_29779,locally_tampered/tampered_29779.jpg,2,locally_tampered_masks/tampered_29779.png,train,locally_tampered,False
locally_tampered_tampered_30000,locally_tampered/tampered_30000.jpg,2,locally_tampered_masks/tampered_30000.png,train,locally_tampered,False
locally_tampered_tampered_30002,locally_tampered/tampered_30002.jpg,2,locally_tampered_masks/tampered_30002.png,train,locally_tampered,False
locally_tampered_tampered_30118,locally_tampered/tampered_30118.jpg,2,locally_tampered_masks/tampered_30118.png,train,locally_tampered,False
locally_tampered_tampered_30343,locally_tampered/tampered_30343.jpg,2,locally_tampered_masks/tampered_30343.png,test,locally_tampered,False
locally_tampered_tampered_30517,locally_tampered/tampered_30517.jpg,2,locally_tampered_masks/tampered_30517.png,train,locally_tampered,False
locally_tampered_tampered_30518,locally_tampered/tampered_30518.jpg,2,locally_tampered_masks/tampered_30518.png,val,locally_tampered,False
locally_tampered_tampered_30601,locally_tampered/tampered_30601.jpg,2,locally_tampered_masks/tampered_30601.png,train,locally_tampered,False
locally_tampered_tampered_306700-3,locally_tampered/tampered_306700-3.png,2,locally_tampered_masks/tampered_306700-3.png,train,locally_tampered,False
locally_tampered_tampered_30748,locally_tampered/tampered_30748.jpg,2,locally_tampered_masks/tampered_30748.png,test,locally_tampered,False
locally_tampered_tampered_30841,locally_tampered/tampered_30841.jpg,2,locally_tampered_masks/tampered_30841.png,test,locally_tampered,False
locally_tampered_tampered_30844,locally_tampered/tampered_30844.jpg,2,locally_tampered_masks/tampered_30844.png,test,locally_tampered,False
locally_tampered_tampered_31014,locally_tampered/tampered_31014.jpg,2,locally_tampered_masks/tampered_31014.png,train,locally_tampered,False
locally_tampered_tampered_31022,locally_tampered/tampered_31022.jpg,2,locally_tampered_masks/tampered_31022.png,train,locally_tampered,False
locally_tampered_tampered_31313,locally_tampered/tampered_31313.jpg,2,locally_tampered_masks/tampered_31313.png,train,locally_tampered,False
locally_tampered_tampered_31328,locally_tampered/tampered_31328.jpg,2,locally_tampered_masks/tampered_31328.png,train,locally_tampered,False
locally_tampered_tampered_31406,locally_tampered/tampered_31406.jpg,2,locally_tampered_masks/tampered_31406.png,train,locally_tampered,False
locally_tampered_tampered_31407,locally_tampered/tampered_31407.jpg,2,locally_tampered_masks/tampered_31407.png,train,locally_tampered,False
locally_tampered_tampered_31443,locally_tampered/tampered_31443.jpg,2,locally_tampered_masks/tampered_31443.png,test,locally_tampered,False
locally_tampered_tampered_31474,locally_tampered/tampered_31474.jpg,2,locally_tampered_masks/tampered_31474.png,train,locally_tampered,False
locally_tampered_tampered_31538,locally_tampered/tampered_31538.jpg,2,locally_tampered_masks/tampered_31538.png,val,locally_tampered,False
locally_tampered_tampered_31624,locally_tampered/tampered_31624.png,2,locally_tampered_masks/tampered_31624.png,train,locally_tampered,False
locally_tampered_tampered_31641,locally_tampered/tampered_31641.jpg,2,locally_tampered_masks/tampered_31641.png,train,locally_tampered,False
locally_tampered_tampered_31671,locally_tampered/tampered_31671.jpg,2,locally_tampered_masks/tampered_31671.png,train,locally_tampered,False
locally_tampered_tampered_31767,locally_tampered/tampered_31767.jpg,2,locally_tampered_masks/tampered_31767.png,test,locally_tampered,False
locally_tampered_tampered_31799,locally_tampered/tampered_31799.png,2,locally_tampered_masks/tampered_31799.png,test,locally_tampered,False
locally_tampered_tampered_31831,locally_tampered/tampered_31831.jpg,2,locally_tampered_masks/tampered_31831.png,test,locally_tampered,False
locally_tampered_tampered_31907,locally_tampered/tampered_31907.jpg,2,locally_tampered_masks/tampered_31907.png,test,locally_tampered,False
locally_tampered_tampered_32168,locally_tampered/tampered_32168.jpg,2,locally_tampered_masks/tampered_32168.png,train,locally_tampered,False
locally_tampered_tampered_32201,locally_tampered/tampered_32201.jpg,2,locally_tampered_masks/tampered_32201.png,train,locally_tampered,False
locally_tampered_tampered_32423,locally_tampered/tampered_32423.jpg,2,locally_tampered_masks/tampered_32423.png,train,locally_tampered,False
locally_tampered_tampered_32526,locally_tampered/tampered_32526.jpg,2,locally_tampered_masks/tampered_32526.png,train,locally_tampered,False
locally_tampered_tampered_32560,locally_tampered/tampered_32560.png,2,locally_tampered_masks/tampered_32560.png,train,locally_tampered,False
locally_tampered_tampered_326201-3,locally_tampered/tampered_326201-3.png,2,locally_tampered_masks/tampered_326201-3.png,train,locally_tampered,False
locally_tampered_tampered_32624,locally_tampered/tampered_32624.jpg,2,locally_tampered_masks/tampered_32624.png,train,locally_tampered,False
locally_tampered_tampered_32699,locally_tampered/tampered_32699.jpg,2,locally_tampered_masks/tampered_32699.png,train,locally_tampered,False
locally_tampered_tampered_32902,locally_tampered/tampered_32902.jpg,2,locally_tampered_masks/tampered_32902.png,val,locally_tampered,False
locally_tampered_tampered_32914,locally_tampered/tampered_32914.jpg,2,locally_tampered_masks/tampered_32914.png,train,locally_tampered,False
locally_tampered_tampered_32954,locally_tampered/tampered_32954.jpg,2,locally_tampered_masks/tampered_32954.png,train,locally_tampered,False
locally_tampered_tampered_33165,locally_tampered/tampered_33165.jpg,2,locally_tampered_masks/tampered_33165.png,train,locally_tampered,False
locally_tampered_tampered_33169,locally_tampered/tampered_33169.jpg,2,locally_tampered_masks/tampered_33169.png,val,locally_tampered,False
locally_tampered_tampered_33180,locally_tampered/tampered_33180.jpg,2,locally_tampered_masks/tampered_33180.png,train,locally_tampered,False
locally_tampered_tampered_33275,locally_tampered/tampered_33275.jpg,2,locally_tampered_masks/tampered_33275.png,train,locally_tampered,False
locally_tampered_tampered_33437,locally_tampered/tampered_33437.jpg,2,locally_tampered_masks/tampered_33437.png,train,locally_tampered,False
locally_tampered_tampered_335140-1,locally_tampered/tampered_335140-1.png,2,locally_tampered_masks/tampered_335140-1.png,test,locally_tampered,False
locally_tampered_tampered_33561,locally_tampered/tampered_33561.jpg,2,locally_tampered_masks/tampered_33561.png,val,locally_tampered,False
locally_tampered_tampered_33580,locally_tampered/tampered_33580.jpg,2,locally_tampered_masks/tampered_33580.png,train,locally_tampered,False
locally_tampered_tampered_33649,locally_tampered/tampered_33649.jpg,2,locally_tampered_masks/tampered_33649.png,train,locally_tampered,False
locally_tampered_tampered_33653,locally_tampered/tampered_33653.jpg,2,locally_tampered_masks/tampered_33653.png,val,locally_tampered,False
locally_tampered_tampered_33658,locally_tampered/tampered_33658.jpg,2,locally_tampered_masks/tampered_33658.png,train,locally_tampered,False
locally_tampered_tampered_33733,locally_tampered/tampered_33733.jpg,2,locally_tampered_masks/tampered_33733.png,train,locally_tampered,False
locally_tampered_tampered_33743,locally_tampered/tampered_33743.jpg,2,locally_tampered_masks/tampered_33743.png,train,locally_tampered,False
locally_tampered_tampered_33747,locally_tampered/tampered_33747.jpg,2,locally_tampered_masks/tampered_33747.png,train,locally_tampered,False
locally_tampered_tampered_33855,locally_tampered/tampered_33855.jpg,2,locally_tampered_masks/tampered_33855.png,train,locally_tampered,False
locally_tampered_tampered_34093,locally_tampered/tampered_34093.jpg,2,locally_tampered_masks/tampered_34093.png,train,locally_tampered,False
locally_tampered_tampered_34451,locally_tampered/tampered_34451.jpg,2,locally_tampered_masks/tampered_34451.png,train,locally_tampered,False
locally_tampered_tampered_34454,locally_tampered/tampered_34454.jpg,2,locally_tampered_masks/tampered_34454.png,train,locally_tampered,False
locally_tampered_tampered_34585,locally_tampered/tampered_34585.jpg,2,locally_tampered_masks/tampered_34585.png,test,locally_tampered,False
locally_tampered_tampered_34603,locally_tampered/tampered_34603.jpg,2,locally_tampered_masks/tampered_34603.png,test,locally_tampered,False
locally_tampered_tampered_34687,locally_tampered/tampered_34687.jpg,2,locally_tampered_masks/tampered_34687.png,train,locally_tampered,False
locally_tampered_tampered_34704,locally_tampered/tampered_34704.jpg,2,locally_tampered_masks/tampered_34704.png,train,locally_tampered,False
locally_tampered_tampered_34781,locally_tampered/tampered_34781.jpg,2,locally_tampered_masks/tampered_34781.png,train,locally_tampered,False
locally_tampered_tampered_34783,locally_tampered/tampered_34783.jpg,2,locally_tampered_masks/tampered_34783.png,test,locally_tampered,False
locally_tampered_tampered_34889,locally_tampered/tampered_34889.jpg,2,locally_tampered_masks/tampered_34889.png,train,locally_tampered,False
locally_tampered_tampered_34969,locally_tampered/tampered_34969.jpg,2,locally_tampered_masks/tampered_34969.png,train,locally_tampered,False
locally_tampered_tampered_35017,locally_tampered/tampered_35017.jpg,2,locally_tampered_masks/tampered_35017.png,train,locally_tampered,False
locally_tampered_tampered_35025,locally_tampered/tampered_35025.jpg,2,locally_tampered_masks/tampered_35025.png,train,locally_tampered,False
locally_tampered_tampered_35030,locally_tampered/tampered_35030.jpg,2,locally_tampered_masks/tampered_35030.png,train,locally_tampered,False
locally_tampered_tampered_35038,locally_tampered/tampered_35038.jpg,2,locally_tampered_masks/tampered_35038.png,train,locally_tampered,False
locally_tampered_tampered_35125,locally_tampered/tampered_35125.jpg,2,locally_tampered_masks/tampered_35125.png,train,locally_tampered,False
locally_tampered_tampered_35165,locally_tampered/tampered_35165.jpg,2,locally_tampered_masks/tampered_35165.png,train,locally_tampered,False
locally_tampered_tampered_35214,locally_tampered/tampered_35214.jpg,2,locally_tampered_masks/tampered_35214.png,test,locally_tampered,False
locally_tampered_tampered_35235,locally_tampered/tampered_35235.jpg,2,locally_tampered_masks/tampered_35235.png,train,locally_tampered,False
locally_tampered_tampered_35252,locally_tampered/tampered_35252.jpg,2,locally_tampered_masks/tampered_35252.png,train,locally_tampered,False
locally_tampered_tampered_35290,locally_tampered/tampered_35290.jpg,2,locally_tampered_masks/tampered_35290.png,train,locally_tampered,False
locally_tampered_tampered_353370-2,locally_tampered/tampered_353370-2.png,2,locally_tampered_masks/tampered_353370-2.png,train,locally_tampered,False
locally_tampered_tampered_35408,locally_tampered/tampered_35408.jpg,2,locally_tampered_masks/tampered_35408.png,val,locally_tampered,False
locally_tampered_tampered_35521,locally_tampered/tampered_35521.png,2,locally_tampered_masks/tampered_35521.png,train,locally_tampered,False
locally_tampered_tampered_35604,locally_tampered/tampered_35604.jpg,2,locally_tampered_masks/tampered_35604.png,train,locally_tampered,False
locally_tampered_tampered_35684,locally_tampered/tampered_35684.jpg,2,locally_tampered_masks/tampered_35684.png,train,locally_tampered,False
locally_tampered_tampered_35689,locally_tampered/tampered_35689.jpg,2,locally_tampered_masks/tampered_35689.png,val,locally_tampered,False
locally_tampered_tampered_35732,locally_tampered/tampered_35732.jpg,2,locally_tampered_masks/tampered_35732.png,train,locally_tampered,False
locally_tampered_tampered_35793,locally_tampered/tampered_35793.jpg,2,locally_tampered_masks/tampered_35793.png,test,locally_tampered,False
locally_tampered_tampered_35801,locally_tampered/tampered_35801.jpg,2,locally_tampered_masks/tampered_35801.png,train,locally_tampered,False
locally_tampered_tampered_35918,locally_tampered/tampered_35918.jpg,2,locally_tampered_masks/tampered_35918.png,train,locally_tampered,False
locally_tampered_tampered_35931,locally_tampered/tampered_35931.jpg,2,locally_tampered_masks/tampered_35931.png,train,locally_tampered,False
locally_tampered_tampered_35957,locally_tampered/tampered_35957.jpg,2,locally_tampered_masks/tampered_35957.png,train,locally_tampered,False
locally_tampered_tampered_35981,locally_tampered/tampered_35981.jpg,2,locally_tampered_masks/tampered_35981.png,train,locally_tampered,False
locally_tampered_tampered_36158,locally_tampered/tampered_36158.jpg,2,locally_tampered_masks/tampered_36158.png,train,locally_tampered,False
locally_tampered_tampered_36205,locally_tampered/tampered_36205.jpg,2,locally_tampered_masks/tampered_36205.png,train,locally_tampered,False
locally_tampered_tampered_36226,locally_tampered/tampered_36226.jpg,2,locally_tampered_masks/tampered_36226.png,train,locally_tampered,False
locally_tampered_tampered_36295,locally_tampered/tampered_36295.jpg,2,locally_tampered_masks/tampered_36295.png,train,locally_tampered,False
locally_tampered_tampered_36328,locally_tampered/tampered_36328.jpg,2,locally_tampered_masks/tampered_36328.png,train,locally_tampered,False
locally_tampered_tampered_36345,locally_tampered/tampered_36345.jpg,2,locally_tampered_masks/tampered_36345.png,train,locally_tampered,False
locally_tampered_tampered_36379,locally_tampered/tampered_36379.jpg,2,locally_tampered_masks/tampered_36379.png,train,locally_tampered,False
locally_tampered_tampered_36387,locally_tampered/tampered_36387.jpg,2,locally_tampered_masks/tampered_36387.png,test,locally_tampered,False
locally_tampered_tampered_36439,locally_tampered/tampered_36439.png,2,locally_tampered_masks/tampered_36439.png,train,locally_tampered,False
locally_tampered_tampered_36457,locally_tampered/tampered_36457.jpg,2,locally_tampered_masks/tampered_36457.png,train,locally_tampered,False
locally_tampered_tampered_36663,locally_tampered/tampered_36663.jpg,2,locally_tampered_masks/tampered_36663.png,train,locally_tampered,False
locally_tampered_tampered_36677,locally_tampered/tampered_36677.jpg,2,locally_tampered_masks/tampered_36677.png,train,locally_tampered,False
locally_tampered_tampered_36687,locally_tampered/tampered_36687.jpg,2,locally_tampered_masks/tampered_36687.png,train,locally_tampered,False
locally_tampered_tampered_36689,locally_tampered/tampered_36689.jpg,2,locally_tampered_masks/tampered_36689.png,train,locally_tampered,False
locally_tampered_tampered_36725,locally_tampered/tampered_36725.jpg,2,locally_tampered_masks/tampered_36725.png,train,locally_tampered,False
locally_tampered_tampered_36831,locally_tampered/tampered_36831.jpg,2,locally_tampered_masks/tampered_36831.png,train,locally_tampered,False
locally_tampered_tampered_36943,locally_tampered/tampered_36943.jpg,2,locally_tampered_masks/tampered_36943.png,train,locally_tampered,False
locally_tampered_tampered_37094,locally_tampered/tampered_37094.png,2,locally_tampered_masks/tampered_37094.png,train,locally_tampered,False
locally_tampered_tampered_37128,locally_tampered/tampered_37128.jpg,2,locally_tampered_masks/tampered_37128.png,train,locally_tampered,False
locally_tampered_tampered_37154,locally_tampered/tampered_37154.jpg,2,locally_tampered_masks/tampered_37154.png,val,locally_tampered,False
locally_tampered_tampered_37322,locally_tampered/tampered_37322.jpg,2,locally_tampered_masks/tampered_37322.png,test,locally_tampered,False
locally_tampered_tampered_37330,locally_tampered/tampered_37330.jpg,2,locally_tampered_masks/tampered_37330.png,train,locally_tampered,False
locally_tampered_tampered_37349,locally_tampered/tampered_37349.jpg,2,locally_tampered_masks/tampered_37349.png,test,locally_tampered,False
locally_tampered_tampered_37424,locally_tampered/tampered_37424.jpg,2,locally_tampered_masks/tampered_37424.png,train,locally_tampered,False
locally_tampered_tampered_37466,locally_tampered/tampered_37466.jpg,2,locally_tampered_masks/tampered_37466.png,train,locally_tampered,False
locally_tampered_tampered_37563,locally_tampered/tampered_37563.jpg,2,locally_tampered_masks/tampered_37563.png,train,locally_tampered,False
locally_tampered_tampered_37593,locally_tampered/tampered_37593.jpg,2,locally_tampered_masks/tampered_37593.png,train,locally_tampered,False
locally_tampered_tampered_37660,locally_tampered/tampered_37660.jpg,2,locally_tampered_masks/tampered_37660.png,train,locally_tampered,False
locally_tampered_tampered_37711,locally_tampered/tampered_37711.jpg,2,locally_tampered_masks/tampered_37711.png,val,locally_tampered,False
locally_tampered_tampered_37742,locally_tampered/tampered_37742.jpg,2,locally_tampered_masks/tampered_37742.png,val,locally_tampered,False
locally_tampered_tampered_37773,locally_tampered/tampered_37773.jpg,2,locally_tampered_masks/tampered_37773.png,train,locally_tampered,False
locally_tampered_tampered_37834,locally_tampered/tampered_37834.jpg,2,locally_tampered_masks/tampered_37834.png,train,locally_tampered,False
locally_tampered_tampered_37871,locally_tampered/tampered_37871.jpg,2,locally_tampered_masks/tampered_37871.png,val,locally_tampered,False
locally_tampered_tampered_37934,locally_tampered/tampered_37934.jpg,2,locally_tampered_masks/tampered_37934.png,train,locally_tampered,False
locally_tampered_tampered_37963,locally_tampered/tampered_37963.jpg,2,locally_tampered_masks/tampered_37963.png,train,locally_tampered,False
locally_tampered_tampered_38046,locally_tampered/tampered_38046.png,2,locally_tampered_masks/tampered_38046.png,train,locally_tampered,False
locally_tampered_tampered_38096,locally_tampered/tampered_38096.jpg,2,locally_tampered_masks/tampered_38096.png,train,locally_tampered,False
locally_tampered_tampered_381533-1,locally_tampered/tampered_381533-1.png,2,locally_tampered_masks/tampered_381533-1.png,train,locally_tampered,False
locally_tampered_tampered_38207,locally_tampered/tampered_38207.jpg,2,locally_tampered_masks/tampered_38207.png,val,locally_tampered,False
locally_tampered_tampered_38219,locally_tampered/tampered_38219.jpg,2,locally_tampered_masks/tampered_38219.png,test,locally_tampered,False
locally_tampered_tampered_38279,locally_tampered/tampered_38279.jpg,2,locally_tampered_masks/tampered_38279.png,val,locally_tampered,False
locally_tampered_tampered_38418,locally_tampered/tampered_38418.jpg,2,locally_tampered_masks/tampered_38418.png,train,locally_tampered,False
locally_tampered_tampered_38430,locally_tampered/tampered_38430.jpg,2,locally_tampered_masks/tampered_38430.png,train,locally_tampered,False
locally_tampered_tampered_38452,locally_tampered/tampered_38452.jpg,2,locally_tampered_masks/tampered_38452.png,train,locally_tampered,False
locally_tampered_tampered_38456,locally_tampered/tampered_38456.jpg,2,locally_tampered_masks/tampered_38456.png,train,locally_tampered,False
locally_tampered_tampered_38484,locally_tampered/tampered_38484.jpg,2,locally_tampered_masks/tampered_38484.png,train,locally_tampered,False
locally_tampered_tampered_38522,locally_tampered/tampered_38522.jpg,2,locally_tampered_masks/tampered_38522.png,train,locally_tampered,False
locally_tampered_tampered_38567,locally_tampered/tampered_38567.jpg,2,locally_tampered_masks/tampered_38567.png,train,locally_tampered,False
locally_tampered_tampered_38640,locally_tampered/tampered_38640.jpg,2,locally_tampered_masks/tampered_38640.png,train,locally_tampered,False
locally_tampered_tampered_38666,locally_tampered/tampered_38666.jpg,2,locally_tampered_masks/tampered_38666.png,train,locally_tampered,False
locally_tampered_tampered_38708,locally_tampered/tampered_38708.jpg,2,locally_tampered_masks/tampered_38708.png,test,locally_tampered,False
locally_tampered_tampered_38712,locally_tampered/tampered_38712.jpg,2,locally_tampered_masks/tampered_38712.png,test,locally_tampered,False
locally_tampered_tampered_38974,locally_tampered/tampered_38974.jpg,2,locally_tampered_masks/tampered_38974.png,test,locally_tampered,False
locally_tampered_tampered_39121,locally_tampered/tampered_39121.jpg,2,locally_tampered_masks/tampered_39121.png,train,locally_tampered,False
locally_tampered_tampered_39226,locally_tampered/tampered_39226.jpg,2,locally_tampered_masks/tampered_39226.png,train,locally_tampered,False
locally_tampered_tampered_39255,locally_tampered/tampered_39255.jpg,2,locally_tampered_masks/tampered_39255.png,train,locally_tampered,False
locally_tampered_tampered_39498,locally_tampered/tampered_39498.jpg,2,locally_tampered_masks/tampered_39498.png,test,locally_tampered,False
locally_tampered_tampered_39548,locally_tampered/tampered_39548.jpg,2,locally_tampered_masks/tampered_39548.png,train,locally_tampered,False
locally_tampered_tampered_39589,locally_tampered/tampered_39589.jpg,2,locally_tampered_masks/tampered_39589.png,train,locally_tampered,False
locally_tampered_tampered_39695,locally_tampered/tampered_39695.jpg,2,locally_tampered_masks/tampered_39695.png,train,locally_tampered,False
locally_tampered_tampered_39712,locally_tampered/tampered_39712.jpg,2,locally_tampered_masks/tampered_39712.png,train,locally_tampered,False
locally_tampered_tampered_39717,locally_tampered/tampered_39717.jpg,2,locally_tampered_masks/tampered_39717.png,train,locally_tampered,False
locally_tampered_tampered_39732,locally_tampered/tampered_39732.jpg,2,locally_tampered_masks/tampered_39732.png,train,locally_tampered,False
locally_tampered_tampered_39880,locally_tampered/tampered_39880.jpg,2,locally_tampered_masks/tampered_39880.png,test,locally_tampered,False
locally_tampered_tampered_39961,locally_tampered/tampered_39961.jpg,2,locally_tampered_masks/tampered_39961.png,train,locally_tampered,False
locally_tampered_tampered_40106,locally_tampered/tampered_40106.jpg,2,locally_tampered_masks/tampered_40106.png,train,locally_tampered,False
locally_tampered_tampered_40110,locally_tampered/tampered_40110.jpg,2,locally_tampered_masks/tampered_40110.png,val,locally_tampered,False
locally_tampered_tampered_40111,locally_tampered/tampered_40111.jpg,2,locally_tampered_masks/tampered_40111.png,train,locally_tampered,False
locally_tampered_tampered_40186,locally_tampered/tampered_40186.jpg,2,locally_tampered_masks/tampered_40186.png,train,locally_tampered,False
locally_tampered_tampered_40281,locally_tampered/tampered_40281.jpg,2,locally_tampered_masks/tampered_40281.png,train,locally_tampered,False
locally_tampered_tampered_40323,locally_tampered/tampered_40323.jpg,2,locally_tampered_masks/tampered_40323.png,train,locally_tampered,False
locally_tampered_tampered_40325,locally_tampered/tampered_40325.jpg,2,locally_tampered_masks/tampered_40325.png,test,locally_tampered,False
locally_tampered_tampered_40326,locally_tampered/tampered_40326.jpg,2,locally_tampered_masks/tampered_40326.png,train,locally_tampered,False
locally_tampered_tampered_40330,locally_tampered/tampered_40330.jpg,2,locally_tampered_masks/tampered_40330.png,train,locally_tampered,False
locally_tampered_tampered_40332,locally_tampered/tampered_40332.jpg,2,locally_tampered_masks/tampered_40332.png,val,locally_tampered,False
locally_tampered_tampered_40615,locally_tampered/tampered_40615.jpg,2,locally_tampered_masks/tampered_40615.png,train,locally_tampered,False
locally_tampered_tampered_40661,locally_tampered/tampered_40661.jpg,2,locally_tampered_masks/tampered_40661.png,test,locally_tampered,False
locally_tampered_tampered_40664,locally_tampered/tampered_40664.jpg,2,locally_tampered_masks/tampered_40664.png,train,locally_tampered,False
locally_tampered_tampered_40689,locally_tampered/tampered_40689.jpg,2,locally_tampered_masks/tampered_40689.png,train,locally_tampered,False
locally_tampered_tampered_40770,locally_tampered/tampered_40770.jpg,2,locally_tampered_masks/tampered_40770.png,val,locally_tampered,False
locally_tampered_tampered_40774,locally_tampered/tampered_40774.jpg,2,locally_tampered_masks/tampered_40774.png,train,locally_tampered,False
locally_tampered_tampered_40894,locally_tampered/tampered_40894.jpg,2,locally_tampered_masks/tampered_40894.png,test,locally_tampered,False
locally_tampered_tampered_40920,locally_tampered/tampered_40920.jpg,2,locally_tampered_masks/tampered_40920.png,train,locally_tampered,False
locally_tampered_tampered_41286,locally_tampered/tampered_41286.jpg,2,locally_tampered_masks/tampered_41286.png,val,locally_tampered,False
locally_tampered_tampered_41344,locally_tampered/tampered_41344.jpg,2,locally_tampered_masks/tampered_41344.png,train,locally_tampered,False
locally_tampered_tampered_41392,locally_tampered/tampered_41392.png,2,locally_tampered_masks/tampered_41392.png,train,locally_tampered,False
locally_tampered_tampered_41482,locally_tampered/tampered_41482.jpg,2,locally_tampered_masks/tampered_41482.png,train,locally_tampered,False
locally_tampered_tampered_41515,locally_tampered/tampered_41515.jpg,2,locally_tampered_masks/tampered_41515.png,train,locally_tampered,False
locally_tampered_tampered_41559,locally_tampered/tampered_41559.jpg,2,locally_tampered_masks/tampered_41559.png,train,locally_tampered,False
locally_tampered_tampered_41588,locally_tampered/tampered_41588.jpg,2,locally_tampered_masks/tampered_41588.png,train,locally_tampered,False
locally_tampered_tampered_41593,locally_tampered/tampered_41593.jpg,2,locally_tampered_masks/tampered_41593.png,train,locally_tampered,False
locally_tampered_tampered_41610,locally_tampered/tampered_41610.jpg,2,locally_tampered_masks/tampered_41610.png,train,locally_tampered,False
locally_tampered_tampered_41657,locally_tampered/tampered_41657.jpg,2,locally_tampered_masks/tampered_41657.png,train,locally_tampered,False
locally_tampered_tampered_41724,locally_tampered/tampered_41724.jpg,2,locally_tampered_masks/tampered_41724.png,train,locally_tampered,False
locally_tampered_tampered_41867,locally_tampered/tampered_41867.jpg,2,locally_tampered_masks/tampered_41867.png,train,locally_tampered,False
locally_tampered_tampered_41932,locally_tampered/tampered_41932.jpg,2,locally_tampered_masks/tampered_41932.png,train,locally_tampered,False
locally_tampered_tampered_41965,locally_tampered/tampered_41965.jpg,2,locally_tampered_masks/tampered_41965.png,train,locally_tampered,False
locally_tampered_tampered_41980,locally_tampered/tampered_41980.jpg,2,locally_tampered_masks/tampered_41980.png,train,locally_tampered,False
locally_tampered_tampered_42034,locally_tampered/tampered_42034.jpg,2,locally_tampered_masks/tampered_42034.png,train,locally_tampered,False
locally_tampered_tampered_42035,locally_tampered/tampered_42035.jpg,2,locally_tampered_masks/tampered_42035.png,train,locally_tampered,False
locally_tampered_tampered_42183,locally_tampered/tampered_42183.jpg,2,locally_tampered_masks/tampered_42183.png,train,locally_tampered,False
locally_tampered_tampered_42236,locally_tampered/tampered_42236.jpg,2,locally_tampered_masks/tampered_42236.png,val,locally_tampered,False
locally_tampered_tampered_42294,locally_tampered/tampered_42294.jpg,2,locally_tampered_masks/tampered_42294.png,train,locally_tampered,False
locally_tampered_tampered_42404,locally_tampered/tampered_42404.jpg,2,locally_tampered_masks/tampered_42404.png,train,locally_tampered,False
locally_tampered_tampered_42457,locally_tampered/tampered_42457.jpg,2,locally_tampered_masks/tampered_42457.png,train,locally_tampered,False
locally_tampered_tampered_42622,locally_tampered/tampered_42622.jpg,2,locally_tampered_masks/tampered_42622.png,train,locally_tampered,False
locally_tampered_tampered_42717,locally_tampered/tampered_42717.jpg,2,locally_tampered_masks/tampered_42717.png,train,locally_tampered,False
locally_tampered_tampered_42845,locally_tampered/tampered_42845.jpg,2,locally_tampered_masks/tampered_42845.png,train,locally_tampered,False
locally_tampered_tampered_42966,locally_tampered/tampered_42966.jpg,2,locally_tampered_masks/tampered_42966.png,test,locally_tampered,False
locally_tampered_tampered_43031,locally_tampered/tampered_43031.jpg,2,locally_tampered_masks/tampered_43031.png,train,locally_tampered,False
locally_tampered_tampered_43066,locally_tampered/tampered_43066.jpg,2,locally_tampered_masks/tampered_43066.png,train,locally_tampered,False
locally_tampered_tampered_43260,locally_tampered/tampered_43260.jpg,2,locally_tampered_masks/tampered_43260.png,train,locally_tampered,False
locally_tampered_tampered_43323,locally_tampered/tampered_43323.jpg,2,locally_tampered_masks/tampered_43323.png,train,locally_tampered,False
locally_tampered_tampered_43325,locally_tampered/tampered_43325.jpg,2,locally_tampered_masks/tampered_43325.png,train,locally_tampered,False
locally_tampered_tampered_43328,locally_tampered/tampered_43328.jpg,2,locally_tampered_masks/tampered_43328.png,train,locally_tampered,False
locally_tampered_tampered_43471,locally_tampered/tampered_43471.jpg,2,locally_tampered_masks/tampered_43471.png,train,locally_tampered,False
locally_tampered_tampered_43551,locally_tampered/tampered_43551.jpg,2,locally_tampered_masks/tampered_43551.png,val,locally_tampered,False
locally_tampered_tampered_43583,locally_tampered/tampered_43583.jpg,2,locally_tampered_masks/tampered_43583.png,train,locally_tampered,False
locally_tampered_tampered_43656,locally_tampered/tampered_43656.jpg,2,locally_tampered_masks/tampered_43656.png,val,locally_tampered,False
locally_tampered_tampered_43663,locally_tampered/tampered_43663.jpg,2,locally_tampered_masks/tampered_43663.png,train,locally_tampered,False
locally_tampered_tampered_43676,locally_tampered/tampered_43676.jpg,2,locally_tampered_masks/tampered_43676.png,train,locally_tampered,False
locally_tampered_tampered_43714,locally_tampered/tampered_43714.jpg,2,locally_tampered_masks/tampered_43714.png,train,locally_tampered,False
locally_tampered_tampered_43731,locally_tampered/tampered_43731.jpg,2,locally_tampered_masks/tampered_43731.png,train,locally_tampered,False
locally_tampered_tampered_43804,locally_tampered/tampered_43804.jpg,2,locally_tampered_masks/tampered_43804.png,train,locally_tampered,False
locally_tampered_tampered_43908,locally_tampered/tampered_43908.jpg,2,locally_tampered_masks/tampered_43908.png,train,locally_tampered,False
locally_tampered_tampered_43993,locally_tampered/tampered_43993.jpg,2,locally_tampered_masks/tampered_43993.png,train,locally_tampered,False
locally_tampered_tampered_44253,locally_tampered/tampered_44253.jpg,2,locally_tampered_masks/tampered_44253.png,train,locally_tampered,False
locally_tampered_tampered_44287,locally_tampered/tampered_44287.jpg,2,locally_tampered_masks/tampered_44287.png,train,locally_tampered,False
locally_tampered_tampered_44294,locally_tampered/tampered_44294.png,2,locally_tampered_masks/tampered_44294.png,train,locally_tampered,False
locally_tampered_tampered_44299,locally_tampered/tampered_44299.jpg,2,locally_tampered_masks/tampered_44299.png,train,locally_tampered,False
locally_tampered_tampered_44408,locally_tampered/tampered_44408.jpg,2,locally_tampered_masks/tampered_44408.png,train,locally_tampered,False
locally_tampered_tampered_44584,locally_tampered/tampered_44584.jpg,2,locally_tampered_masks/tampered_44584.png,train,locally_tampered,False
locally_tampered_tampered_44671,locally_tampered/tampered_44671.jpg,2,locally_tampered_masks/tampered_44671.png,train,locally_tampered,False
locally_tampered_tampered_44704,locally_tampered/tampered_44704.jpg,2,locally_tampered_masks/tampered_44704.png,test,locally_tampered,False
locally_tampered_tampered_44804,locally_tampered/tampered_44804.jpg,2,locally_tampered_masks/tampered_44804.png,train,locally_tampered,False
locally_tampered_tampered_44807,locally_tampered/tampered_44807.jpg,2,locally_tampered_masks/tampered_44807.png,train,locally_tampered,False
locally_tampered_tampered_44820,locally_tampered/tampered_44820.jpg,2,locally_tampered_masks/tampered_44820.png,train,locally_tampered,False
locally_tampered_tampered_448280-3,locally_tampered/tampered_448280-3.png,2,locally_tampered_masks/tampered_448280-3.png,train,locally_tampered,False
locally_tampered_tampered_44889,locally_tampered/tampered_44889.jpg,2,locally_tampered_masks/tampered_44889.png,train,locally_tampered,False
locally_tampered_tampered_44961,locally_tampered/tampered_44961.jpg,2,locally_tampered_masks/tampered_44961.png,train,locally_tampered,False
locally_tampered_tampered_44971,locally_tampered/tampered_44971.jpg,2,locally_tampered_masks/tampered_44971.png,train,locally_tampered,False
locally_tampered_tampered_44995,locally_tampered/tampered_44995.jpg,2,locally_tampered_masks/tampered_44995.png,train,locally_tampered,False
locally_tampered_tampered_45029,locally_tampered/tampered_45029.jpg,2,locally_tampered_masks/tampered_45029.png,train,locally_tampered,False
locally_tampered_tampered_45052,locally_tampered/tampered_45052.jpg,2,locally_tampered_masks/tampered_45052.png,test,locally_tampered,False
locally_tampered_tampered_45121,locally_tampered/tampered_45121.jpg,2,locally_tampered_masks/tampered_45121.png,test,locally_tampered,False
locally_tampered_tampered_45179,locally_tampered/tampered_45179.jpg,2,locally_tampered_masks/tampered_45179.png,train,locally_tampered,False
locally_tampered_tampered_45209,locally_tampered/tampered_45209.jpg,2,locally_tampered_masks/tampered_45209.png,train,locally_tampered,False
locally_tampered_tampered_45263,locally_tampered/tampered_45263.jpg,2,locally_tampered_masks/tampered_45263.png,train,locally_tampered,False
locally_tampered_tampered_45300,locally_tampered/tampered_45300.jpg,2,locally_tampered_masks/tampered_45300.png,train,locally_tampered,False
locally_tampered_tampered_45398,locally_tampered/tampered_45398.jpg,2,locally_tampered_masks/tampered_45398.png,train,locally_tampered,False
locally_tampered_tampered_45443,locally_tampered/tampered_45443.jpg,2,locally_tampered_masks/tampered_45443.png,train,locally_tampered,False
locally_tampered_tampered_45464,locally_tampered/tampered_45464.jpg,2,locally_tampered_masks/tampered_45464.png,train,locally_tampered,False
locally_tampered_tampered_45503,locally_tampered/tampered_45503.jpg,2,locally_tampered_masks/tampered_45503.png,train,locally_tampered,False
locally_tampered_tampered_45544,locally_tampered/tampered_45544.jpg,2,locally_tampered_masks/tampered_45544.png,train,locally_tampered,False
locally_tampered_tampered_45621,locally_tampered/tampered_45621.jpg,2,locally_tampered_masks/tampered_45621.png,train,locally_tampered,False
locally_tampered_tampered_45680,locally_tampered/tampered_45680.jpg,2,locally_tampered_masks/tampered_45680.png,train,locally_tampered,False
locally_tampered_tampered_45765,locally_tampered/tampered_45765.jpg,2,locally_tampered_masks/tampered_45765.png,train,locally_tampered,False
locally_tampered_tampered_45791,locally_tampered/tampered_45791.jpg,2,locally_tampered_masks/tampered_45791.png,test,locally_tampered,False
locally_tampered_tampered_45853,locally_tampered/tampered_45853.jpg,2,locally_tampered_masks/tampered_45853.png,train,locally_tampered,False
locally_tampered_tampered_46001,locally_tampered/tampered_46001.jpg,2,locally_tampered_masks/tampered_46001.png,train,locally_tampered,False
locally_tampered_tampered_46074,locally_tampered/tampered_46074.jpg,2,locally_tampered_masks/tampered_46074.png,train,locally_tampered,False
locally_tampered_tampered_46124,locally_tampered/tampered_46124.jpg,2,locally_tampered_masks/tampered_46124.png,train,locally_tampered,False
locally_tampered_tampered_46192,locally_tampered/tampered_46192.jpg,2,locally_tampered_masks/tampered_46192.png,train,locally_tampered,False
locally_tampered_tampered_46251,locally_tampered/tampered_46251.jpg,2,locally_tampered_masks/tampered_46251.png,train,locally_tampered,False
locally_tampered_tampered_46258,locally_tampered/tampered_46258.jpg,2,locally_tampered_masks/tampered_46258.png,train,locally_tampered,False
locally_tampered_tampered_463640-3,locally_tampered/tampered_463640-3.png,2,locally_tampered_masks/tampered_463640-3.png,val,locally_tampered,False
locally_tampered_tampered_46471,locally_tampered/tampered_46471.jpg,2,locally_tampered_masks/tampered_46471.png,val,locally_tampered,False
locally_tampered_tampered_46476,locally_tampered/tampered_46476.jpg,2,locally_tampered_masks/tampered_46476.png,train,locally_tampered,False
locally_tampered_tampered_46517,locally_tampered/tampered_46517.jpg,2,locally_tampered_masks/tampered_46517.png,val,locally_tampered,False
locally_tampered_tampered_46544,locally_tampered/tampered_46544.jpg,2,locally_tampered_masks/tampered_46544.png,train,locally_tampered,False
locally_tampered_tampered_46635,locally_tampered/tampered_46635.jpg,2,locally_tampered_masks/tampered_46635.png,train,locally_tampered,False
locally_tampered_tampered_46641,locally_tampered/tampered_46641.jpg,2,locally_tampered_masks/tampered_46641.png,train,locally_tampered,False
locally_tampered_tampered_46651,locally_tampered/tampered_46651.jpg,2,locally_tampered_masks/tampered_46651.png,train,locally_tampered,False
locally_tampered_tampered_46779,locally_tampered/tampered_46779.jpg,2,locally_tampered_masks/tampered_46779.png,train,locally_tampered,False
locally_tampered_tampered_46789,locally_tampered/tampered_46789.jpg,2,locally_tampered_masks/tampered_46789.png,train,locally_tampered,False
locally_tampered_tampered_46825,locally_tampered/tampered_46825.jpg,2,locally_tampered_masks/tampered_46825.png,test,locally_tampered,False
locally_tampered_tampered_46886,locally_tampered/tampered_46886.jpg,2,locally_tampered_masks/tampered_46886.png,train,locally_tampered,False
locally_tampered_tampered_46889,locally_tampered/tampered_46889.jpg,2,locally_tampered_masks/tampered_46889.png,train,locally_tampered,False
locally_tampered_tampered_46985,locally_tampered/tampered_46985.jpg,2,locally_tampered_masks/tampered_46985.png,train,locally_tampered,False
locally_tampered_tampered_47001,locally_tampered/tampered_47001.jpg,2,locally_tampered_masks/tampered_47001.png,train,locally_tampered,False
locally_tampered_tampered_47095,locally_tampered/tampered_47095.jpg,2,locally_tampered_masks/tampered_47095.png,train,locally_tampered,False
locally_tampered_tampered_47110,locally_tampered/tampered_47110.jpg,2,locally_tampered_masks/tampered_47110.png,train,locally_tampered,False
locally_tampered_tampered_47113,locally_tampered/tampered_47113.png,2,locally_tampered_masks/tampered_47113.png,train,locally_tampered,False
locally_tampered_tampered_47149,locally_tampered/tampered_47149.jpg,2,locally_tampered_masks/tampered_47149.png,train,locally_tampered,False
locally_tampered_tampered_47187,locally_tampered/tampered_47187.jpg,2,locally_tampered_masks/tampered_47187.png,train,locally_tampered,False
locally_tampered_tampered_47193,locally_tampered/tampered_47193.png,2,locally_tampered_masks/tampered_47193.png,val,locally_tampered,False
locally_tampered_tampered_47326,locally_tampered/tampered_47326.jpg,2,locally_tampered_masks/tampered_47326.png,val,locally_tampered,False
locally_tampered_tampered_47406,locally_tampered/tampered_47406.png,2,locally_tampered_masks/tampered_47406.png,train,locally_tampered,False
locally_tampered_tampered_47420,locally_tampered/tampered_47420.jpg,2,locally_tampered_masks/tampered_47420.png,train,locally_tampered,False
locally_tampered_tampered_47468,locally_tampered/tampered_47468.jpg,2,locally_tampered_masks/tampered_47468.png,train,locally_tampered,False
locally_tampered_tampered_47502,locally_tampered/tampered_47502.jpg,2,locally_tampered_masks/tampered_47502.png,train,locally_tampered,False
locally_tampered_tampered_47550-1,locally_tampered/tampered_47550-1.png,2,locally_tampered_masks/tampered_47550-1.png,train,locally_tampered,False
locally_tampered_tampered_47594,locally_tampered/tampered_47594.jpg,2,locally_tampered_masks/tampered_47594.png,train,locally_tampered,False
locally_tampered_tampered_47632,locally_tampered/tampered_47632.jpg,2,locally_tampered_masks/tampered_47632.png,train,locally_tampered,False
locally_tampered_tampered_47685,locally_tampered/tampered_47685.png,2,locally_tampered_masks/tampered_47685.png,train,locally_tampered,False
locally_tampered_tampered_47808,locally_tampered/tampered_47808.jpg,2,locally_tampered_masks/tampered_47808.png,test,locally_tampered,False
locally_tampered_tampered_47811,locally_tampered/tampered_47811.jpg,2,locally_tampered_masks/tampered_47811.png,train,locally_tampered,False
locally_tampered_tampered_47834,locally_tampered/tampered_47834.jpg,2,locally_tampered_masks/tampered_47834.png,train,locally_tampered,False
locally_tampered_tampered_47857,locally_tampered/tampered_47857.jpg,2,locally_tampered_masks/tampered_47857.png,train,locally_tampered,False
locally_tampered_tampered_47865,locally_tampered/tampered_47865.jpg,2,locally_tampered_masks/tampered_47865.png,test,locally_tampered,False
locally_tampered_tampered_47892,locally_tampered/tampered_47892.jpg,2,locally_tampered_masks/tampered_47892.png,train,locally_tampered,False
locally_tampered_tampered_47987,locally_tampered/tampered_47987.jpg,2,locally_tampered_masks/tampered_47987.png,train,locally_tampered,False
locally_tampered_tampered_47989,locally_tampered/tampered_47989.jpg,2,locally_tampered_masks/tampered_47989.png,train,locally_tampered,False
locally_tampered_tampered_48010,locally_tampered/tampered_48010.jpg,2,locally_tampered_masks/tampered_48010.png,train,locally_tampered,False
locally_tampered_tampered_48080,locally_tampered/tampered_48080.jpg,2,locally_tampered_masks/tampered_48080.png,test,locally_tampered,False
locally_tampered_tampered_48132,locally_tampered/tampered_48132.jpg,2,locally_tampered_masks/tampered_48132.png,train,locally_tampered,False
locally_tampered_tampered_48261,locally_tampered/tampered_48261.jpg,2,locally_tampered_masks/tampered_48261.png,train,locally_tampered,False
locally_tampered_tampered_48280,locally_tampered/tampered_48280.jpg,2,locally_tampered_masks/tampered_48280.png,train,locally_tampered,False
locally_tampered_tampered_48301,locally_tampered/tampered_48301.jpg,2,locally_tampered_masks/tampered_48301.png,train,locally_tampered,False
locally_tampered_tampered_48305,locally_tampered/tampered_48305.jpg,2,locally_tampered_masks/tampered_48305.png,train,locally_tampered,False
locally_tampered_tampered_48319,locally_tampered/tampered_48319.jpg,2,locally_tampered_masks/tampered_48319.png,train,locally_tampered,False
locally_tampered_tampered_48661,locally_tampered/tampered_48661.jpg,2,locally_tampered_masks/tampered_48661.png,train,locally_tampered,False
locally_tampered_tampered_48698,locally_tampered/tampered_48698.jpg,2,locally_tampered_masks/tampered_48698.png,train,locally_tampered,False
locally_tampered_tampered_48826,locally_tampered/tampered_48826.png,2,locally_tampered_masks/tampered_48826.png,train,locally_tampered,False
locally_tampered_tampered_48891,locally_tampered/tampered_48891.jpg,2,locally_tampered_masks/tampered_48891.png,val,locally_tampered,False
locally_tampered_tampered_48906,locally_tampered/tampered_48906.jpg,2,locally_tampered_masks/tampered_48906.png,train,locally_tampered,False
locally_tampered_tampered_49147,locally_tampered/tampered_49147.jpg,2,locally_tampered_masks/tampered_49147.png,train,locally_tampered,False
locally_tampered_tampered_49355,locally_tampered/tampered_49355.jpg,2,locally_tampered_masks/tampered_49355.png,train,locally_tampered,False
locally_tampered_tampered_493753-2,locally_tampered/tampered_493753-2.png,2,locally_tampered_masks/tampered_493753-2.png,val,locally_tampered,False
locally_tampered_tampered_49452,locally_tampered/tampered_49452.jpg,2,locally_tampered_masks/tampered_49452.png,train,locally_tampered,False
locally_tampered_tampered_49511,locally_tampered/tampered_49511.jpg,2,locally_tampered_masks/tampered_49511.png,test,locally_tampered,False
locally_tampered_tampered_49515,locally_tampered/tampered_49515.jpg,2,locally_tampered_masks/tampered_49515.png,train,locally_tampered,False
locally_tampered_tampered_49528,locally_tampered/tampered_49528.jpg,2,locally_tampered_masks/tampered_49528.png,val,locally_tampered,False
locally_tampered_tampered_49547,locally_tampered/tampered_49547.jpg,2,locally_tampered_masks/tampered_49547.png,train,locally_tampered,False
locally_tampered_tampered_49562,locally_tampered/tampered_49562.jpg,2,locally_tampered_masks/tampered_49562.png,train,locally_tampered,False
locally_tampered_tampered_49701,locally_tampered/tampered_49701.jpg,2,locally_tampered_masks/tampered_49701.png,val,locally_tampered,False
locally_tampered_tampered_49833,locally_tampered/tampered_49833.jpg,2,locally_tampered_masks/tampered_49833.png,train,locally_tampered,False
locally_tampered_tampered_498363-1,locally_tampered/tampered_498363-1.png,2,locally_tampered_masks/tampered_498363-1.png,train,locally_tampered,False
locally_tampered_tampered_49913,locally_tampered/tampered_49913.jpg,2,locally_tampered_masks/tampered_49913.png,train,locally_tampered,False
locally_tampered_tampered_50032,locally_tampered/tampered_50032.jpg,2,locally_tampered_masks/tampered_50032.png,train,locally_tampered,False
locally_tampered_tampered_50058-2,locally_tampered/tampered_50058-2.png,2,locally_tampered_masks/tampered_50058-2.png,train,locally_tampered,False
locally_tampered_tampered_50115,locally_tampered/tampered_50115.jpg,2,locally_tampered_masks/tampered_50115.png,train,locally_tampered,False
locally_tampered_tampered_50175,locally_tampered/tampered_50175.jpg,2,locally_tampered_masks/tampered_50175.png,test,locally_tampered,False
locally_tampered_tampered_50541,locally_tampered/tampered_50541.jpg,2,locally_tampered_masks/tampered_50541.png,train,locally_tampered,False
locally_tampered_tampered_50646,locally_tampered/tampered_50646.jpg,2,locally_tampered_masks/tampered_50646.png,train,locally_tampered,False
locally_tampered_tampered_506587-3,locally_tampered/tampered_506587-3.png,2,locally_tampered_masks/tampered_506587-3.png,train,locally_tampered,False
locally_tampered_tampered_50724,locally_tampered/tampered_50724.jpg,2,locally_tampered_masks/tampered_50724.png,train,locally_tampered,False
locally_tampered_tampered_50825,locally_tampered/tampered_50825.jpg,2,locally_tampered_masks/tampered_50825.png,train,locally_tampered,False
locally_tampered_tampered_50953,locally_tampered/tampered_50953.jpg,2,locally_tampered_masks/tampered_50953.png,train,locally_tampered,False
locally_tampered_tampered_50960,locally_tampered/tampered_50960.jpg,2,locally_tampered_masks/tampered_50960.png,val,locally_tampered,False
locally_tampered_tampered_51012,locally_tampered/tampered_51012.jpg,2,locally_tampered_masks/tampered_51012.png,train,locally_tampered,False
locally_tampered_tampered_51026,locally_tampered/tampered_51026.png,2,locally_tampered_masks/tampered_51026.png,train,locally_tampered,False
locally_tampered_tampered_51090,locally_tampered/tampered_51090.jpg,2,locally_tampered_masks/tampered_51090.png,train,locally_tampered,False
locally_tampered_tampered_51123,locally_tampered/tampered_51123.jpg,2,locally_tampered_masks/tampered_51123.png,train,locally_tampered,False
locally_tampered_tampered_51189,locally_tampered/tampered_51189.jpg,2,locally_tampered_masks/tampered_51189.png,train,locally_tampered,False
locally_tampered_tampered_51254,locally_tampered/tampered_51254.jpg,2,locally_tampered_masks/tampered_51254.png,test,locally_tampered,False
locally_tampered_tampered_513241-3,locally_tampered/tampered_513241-3.png,2,locally_tampered_masks/tampered_513241-3.png,train,locally_tampered,False
locally_tampered_tampered_51328,locally_tampered/tampered_51328.jpg,2,locally_tampered_masks/tampered_51328.png,train,locally_tampered,False
locally_tampered_tampered_51334,locally_tampered/tampered_51334.jpg,2,locally_tampered_masks/tampered_51334.png,train,locally_tampered,False
locally_tampered_tampered_51354,locally_tampered/tampered_51354.jpg,2,locally_tampered_masks/tampered_51354.png,val,locally_tampered,False
locally_tampered_tampered_51452,locally_tampered/tampered_51452.jpg,2,locally_tampered_masks/tampered_51452.png,val,locally_tampered,False
locally_tampered_tampered_51564,locally_tampered/tampered_51564.jpg,2,locally_tampered_masks/tampered_51564.png,train,locally_tampered,False
locally_tampered_tampered_51581,locally_tampered/tampered_51581.jpg,2,locally_tampered_masks/tampered_51581.png,train,locally_tampered,False
locally_tampered_tampered_51626,locally_tampered/tampered_51626.png,2,locally_tampered_masks/tampered_51626.png,train,locally_tampered,False
locally_tampered_tampered_51686,locally_tampered/tampered_51686.jpg,2,locally_tampered_masks/tampered_51686.png,train,locally_tampered,False
locally_tampered_tampered_51758,locally_tampered/tampered_51758.jpg,2,locally_tampered_masks/tampered_51758.png,train,locally_tampered,False
locally_tampered_tampered_51813,locally_tampered/tampered_51813.jpg,2,locally_tampered_masks/tampered_51813.png,train,locally_tampered,False
locally_tampered_tampered_51845,locally_tampered/tampered_51845.jpg,2,locally_tampered_masks/tampered_51845.png,val,locally_tampered,False
locally_tampered_tampered_51860,locally_tampered/tampered_51860.jpg,2,locally_tampered_masks/tampered_51860.png,train,locally_tampered,False
locally_tampered_tampered_51883,locally_tampered/tampered_51883.jpg,2,locally_tampered_masks/tampered_51883.png,val,locally_tampered,False
locally_tampered_tampered_51892,locally_tampered/tampered_51892.jpg,2,locally_tampered_masks/tampered_51892.png,test,locally_tampered,False
locally_tampered_tampered_51952,locally_tampered/tampered_51952.jpg,2,locally_tampered_masks/tampered_51952.png,train,locally_tampered,False
locally_tampered_tampered_52130,locally_tampered/tampered_52130.jpg,2,locally_tampered_masks/tampered_52130.png,train,locally_tampered,False
locally_tampered_tampered_52201,locally_tampered/tampered_52201.jpg,2,locally_tampered_masks/tampered_52201.png,train,locally_tampered,False
locally_tampered_tampered_52502,locally_tampered/tampered_52502.jpg,2,locally_tampered_masks/tampered_52502.png,train,locally_tampered,False
locally_tampered_tampered_525176-2,locally_tampered/tampered_525176-2.png,2,locally_tampered_masks/tampered_525176-2.png,test,locally_tampered,False
locally_tampered_tampered_52656,locally_tampered/tampered_52656.jpg,2,locally_tampered_masks/tampered_52656.png,test,locally_tampered,False
locally_tampered_tampered_52669,locally_tampered/tampered_52669.jpg,2,locally_tampered_masks/tampered_52669.png,train,locally_tampered,False
locally_tampered_tampered_52761,locally_tampered/tampered_52761.png,2,locally_tampered_masks/tampered_52761.png,train,locally_tampered,False
locally_tampered_tampered_52769,locally_tampered/tampered_52769.jpg,2,locally_tampered_masks/tampered_52769.png,train,locally_tampered,False
locally_tampered_tampered_52839,locally_tampered/tampered_52839.jpg,2,locally_tampered_masks/tampered_52839.png,train,locally_tampered,False
locally_tampered_tampered_52898,locally_tampered/tampered_52898.jpg,2,locally_tampered_masks/tampered_52898.png,train,locally_tampered,False
locally_tampered_tampered_52901,locally_tampered/tampered_52901.jpg,2,locally_tampered_masks/tampered_52901.png,train,locally_tampered,False
locally_tampered_tampered_52947,locally_tampered/tampered_52947.jpg,2,locally_tampered_masks/tampered_52947.png,train,locally_tampered,False
locally_tampered_tampered_53032,locally_tampered/tampered_53032.jpg,2,locally_tampered_masks/tampered_53032.png,test,locally_tampered,False
locally_tampered_tampered_53089,locally_tampered/tampered_53089.jpg,2,locally_tampered_masks/tampered_53089.png,train,locally_tampered,False
locally_tampered_tampered_53108,locally_tampered/tampered_53108.jpg,2,locally_tampered_masks/tampered_53108.png,train,locally_tampered,False
locally_tampered_tampered_53117,locally_tampered/tampered_53117.jpg,2,locally_tampered_masks/tampered_53117.png,train,locally_tampered,False
locally_tampered_tampered_53157,locally_tampered/tampered_53157.jpg,2,locally_tampered_masks/tampered_53157.png,train,locally_tampered,False
locally_tampered_tampered_53439,locally_tampered/tampered_53439.jpg,2,locally_tampered_masks/tampered_53439.png,test,locally_tampered,False
locally_tampered_tampered_53492,locally_tampered/tampered_53492.png,2,locally_tampered_masks/tampered_53492.png,train,locally_tampered,False
locally_tampered_tampered_53639,locally_tampered/tampered_53639.jpg,2,locally_tampered_masks/tampered_53639.png,train,locally_tampered,False
locally_tampered_tampered_53727,locally_tampered/tampered_53727.jpg,2,locally_tampered_masks/tampered_53727.png,train,locally_tampered,False
locally_tampered_tampered_53823,locally_tampered/tampered_53823.jpg,2,locally_tampered_masks/tampered_53823.png,train,locally_tampered,False
locally_tampered_tampered_53943,locally_tampered/tampered_53943.jpg,2,locally_tampered_masks/tampered_53943.png,train,locally_tampered,False
locally_tampered_tampered_54065,locally_tampered/tampered_54065.jpg,2,locally_tampered_masks/tampered_54065.png,train,locally_tampered,False
locally_tampered_tampered_54078,locally_tampered/tampered_54078.jpg,2,locally_tampered_masks/tampered_54078.png,train,locally_tampered,False
locally_tampered_tampered_54170,locally_tampered/tampered_54170.jpg,2,locally_tampered_masks/tampered_54170.png,test,locally_tampered,False
locally_tampered_tampered_54254,locally_tampered/tampered_54254.jpg,2,locally_tampered_masks/tampered_54254.png,val,locally_tampered,False
locally_tampered_tampered_54281,locally_tampered/tampered_54281.jpg,2,locally_tampered_masks/tampered_54281.png,train,locally_tampered,False
locally_tampered_tampered_54298,locally_tampered/tampered_54298.jpg,2,locally_tampered_masks/tampered_54298.png,train,locally_tampered,False
locally_tampered_tampered_54384,locally_tampered/tampered_54384.jpg,2,locally_tampered_masks/tampered_54384.png,train,locally_tampered,False
locally_tampered_tampered_54397,locally_tampered/tampered_54397.jpg,2,locally_tampered_masks/tampered_54397.png,train,locally_tampered,False
locally_tampered_tampered_54413,locally_tampered/tampered_54413.jpg,2,locally_tampered_masks/tampered_54413.png,train,locally_tampered,False
locally_tampered_tampered_54598,locally_tampered/tampered_54598.jpg,2,locally_tampered_masks/tampered_54598.png,train,locally_tampered,False
locally_tampered_tampered_54635,locally_tampered/tampered_54635.jpg,2,locally_tampered_masks/tampered_54635.png,train,locally_tampered,False
locally_tampered_tampered_54680,locally_tampered/tampered_54680.jpg,2,locally_tampered_masks/tampered_54680.png,train,locally_tampered,False
locally_tampered_tampered_54763,locally_tampered/tampered_54763.jpg,2,locally_tampered_masks/tampered_54763.png,train,locally_tampered,False
locally_tampered_tampered_54782,locally_tampered/tampered_54782.jpg,2,locally_tampered_masks/tampered_54782.png,train,locally_tampered,False
locally_tampered_tampered_54783,locally_tampered/tampered_54783.jpg,2,locally_tampered_masks/tampered_54783.png,train,locally_tampered,False
locally_tampered_tampered_54785,locally_tampered/tampered_54785.jpg,2,locally_tampered_masks/tampered_54785.png,train,locally_tampered,False
locally_tampered_tampered_548894-3,locally_tampered/tampered_548894-3.png,2,locally_tampered_masks/tampered_548894-3.png,test,locally_tampered,False
locally_tampered_tampered_54938,locally_tampered/tampered_54938.png,2,locally_tampered_masks/tampered_54938.png,train,locally_tampered,False
locally_tampered_tampered_54946,locally_tampered/tampered_54946.jpg,2,locally_tampered_masks/tampered_54946.png,train,locally_tampered,False
locally_tampered_tampered_54947,locally_tampered/tampered_54947.jpg,2,locally_tampered_masks/tampered_54947.png,train,locally_tampered,False
locally_tampered_tampered_54965,locally_tampered/tampered_54965.jpg,2,locally_tampered_masks/tampered_54965.png,train,locally_tampered,False
locally_tampered_tampered_55006,locally_tampered/tampered_55006.png,2,locally_tampered_masks/tampered_55006.png,train,locally_tampered,False
locally_tampered_tampered_55061,locally_tampered/tampered_55061.jpg,2,locally_tampered_masks/tampered_55061.png,test,locally_tampered,False
locally_tampered_tampered_55071,locally_tampered/tampered_55071.jpg,2,locally_tampered_masks/tampered_55071.png,train,locally_tampered,False
locally_tampered_tampered_55314,locally_tampered/tampered_55314.jpg,2,locally_tampered_masks/tampered_55314.png,val,locally_tampered,False
locally_tampered_tampered_55432,locally_tampered/tampered_55432.jpg,2,locally_tampered_masks/tampered_55432.png,train,locally_tampered,False
locally_tampered_tampered_55441,locally_tampered/tampered_55441.jpg,2,locally_tampered_masks/tampered_55441.png,val,locally_tampered,False
locally_tampered_tampered_554800-3,locally_tampered/tampered_554800-3.png,2,locally_tampered_masks/tampered_554800-3.png,train,locally_tampered,False
locally_tampered_tampered_55614,locally_tampered/tampered_55614.jpg,2,locally_tampered_masks/tampered_55614.png,train,locally_tampered,False
locally_tampered_tampered_557065-1,locally_tampered/tampered_557065-1.png,2,locally_tampered_masks/tampered_557065-1.png,train,locally_tampered,False
locally_tampered_tampered_55878,locally_tampered/tampered_55878.png,2,locally_tampered_masks/tampered_55878.png,train,locally_tampered,False
locally_tampered_tampered_55930,locally_tampered/tampered_55930.png,2,locally_tampered_masks/tampered_55930.png,train,locally_tampered,False
locally_tampered_tampered_55978,locally_tampered/tampered_55978.jpg,2,locally_tampered_masks/tampered_55978.png,test,locally_tampered,False
locally_tampered_tampered_56016,locally_tampered/tampered_56016.jpg,2,locally_tampered_masks/tampered_56016.png,train,locally_tampered,False
locally_tampered_tampered_56161,locally_tampered/tampered_56161.jpg,2,locally_tampered_masks/tampered_56161.png,val,locally_tampered,False
locally_tampered_tampered_56193,locally_tampered/tampered_56193.jpg,2,locally_tampered_masks/tampered_56193.png,train,locally_tampered,False
locally_tampered_tampered_56276,locally_tampered/tampered_56276.jpg,2,locally_tampered_masks/tampered_56276.png,train,locally_tampered,False
locally_tampered_tampered_56348,locally_tampered/tampered_56348.jpg,2,locally_tampered_masks/tampered_56348.png,test,locally_tampered,False
locally_tampered_tampered_56487,locally_tampered/tampered_56487.png,2,locally_tampered_masks/tampered_56487.png,train,locally_tampered,False
locally_tampered_tampered_56574,locally_tampered/tampered_56574.jpg,2,locally_tampered_masks/tampered_56574.png,train,locally_tampered,False
locally_tampered_tampered_56732,locally_tampered/tampered_56732.jpg,2,locally_tampered_masks/tampered_56732.png,train,locally_tampered,False
locally_tampered_tampered_56734,locally_tampered/tampered_56734.png,2,locally_tampered_masks/tampered_56734.png,train,locally_tampered,False
locally_tampered_tampered_56866,locally_tampered/tampered_56866.jpg,2,locally_tampered_masks/tampered_56866.png,train,locally_tampered,False
locally_tampered_tampered_56867,locally_tampered/tampered_56867.jpg,2,locally_tampered_masks/tampered_56867.png,train,locally_tampered,False
locally_tampered_tampered_56872,locally_tampered/tampered_56872.jpg,2,locally_tampered_masks/tampered_56872.png,train,locally_tampered,False
locally_tampered_tampered_56883,locally_tampered/tampered_56883.jpg,2,locally_tampered_masks/tampered_56883.png,train,locally_tampered,False
locally_tampered_tampered_569683-1,locally_tampered/tampered_569683-1.png,2,locally_tampered_masks/tampered_569683-1.png,train,locally_tampered,False
locally_tampered_tampered_57178,locally_tampered/tampered_57178.jpg,2,locally_tampered_masks/tampered_57178.png,train,locally_tampered,False
locally_tampered_tampered_57319,locally_tampered/tampered_57319.jpg,2,locally_tampered_masks/tampered_57319.png,val,locally_tampered,False
locally_tampered_tampered_57361,locally_tampered/tampered_57361.jpg,2,locally_tampered_masks/tampered_57361.png,train,locally_tampered,False
locally_tampered_tampered_57403-2,locally_tampered/tampered_57403-2.png,2,locally_tampered_masks/tampered_57403-2.png,train,locally_tampered,False
locally_tampered_tampered_57437,locally_tampered/tampered_57437.jpg,2,locally_tampered_masks/tampered_57437.png,val,locally_tampered,False
locally_tampered_tampered_57514,locally_tampered/tampered_57514.jpg,2,locally_tampered_masks/tampered_57514.png,train,locally_tampered,False
locally_tampered_tampered_57542,locally_tampered/tampered_57542.jpg,2,locally_tampered_masks/tampered_57542.png,train,locally_tampered,False
locally_tampered_tampered_57588,locally_tampered/tampered_57588.png,2,locally_tampered_masks/tampered_57588.png,train,locally_tampered,False
locally_tampered_tampered_57623,locally_tampered/tampered_57623.jpg,2,locally_tampered_masks/tampered_57623.png,train,locally_tampered,False
locally_tampered_tampered_57773,locally_tampered/tampered_57773.jpg,2,locally_tampered_masks/tampered_57773.png,train,locally_tampered,False
locally_tampered_tampered_57925,locally_tampered/tampered_57925.jpg,2,locally_tampered_masks/tampered_57925.png,train,locally_tampered,False
locally_tampered_tampered_58004,locally_tampered/tampered_58004.jpg,2,locally_tampered_masks/tampered_58004.png,train,locally_tampered,False
locally_tampered_tampered_58114,locally_tampered/tampered_58114.png,2,locally_tampered_masks/tampered_58114.png,train,locally_tampered,False
locally_tampered_tampered_581709-2,locally_tampered/tampered_581709-2.png,2,locally_tampered_masks/tampered_581709-2.png,test,locally_tampered,False
locally_tampered_tampered_58206,locally_tampered/tampered_58206.jpg,2,locally_tampered_masks/tampered_58206.png,train,locally_tampered,False
locally_tampered_tampered_58268,locally_tampered/tampered_58268.jpg,2,locally_tampered_masks/tampered_58268.png,train,locally_tampered,False
locally_tampered_tampered_58341,locally_tampered/tampered_58341.jpg,2,locally_tampered_masks/tampered_58341.png,train,locally_tampered,False
locally_tampered_tampered_58461,locally_tampered/tampered_58461.jpg,2,locally_tampered_masks/tampered_58461.png,train,locally_tampered,False
locally_tampered_tampered_58477,locally_tampered/tampered_58477.jpg,2,locally_tampered_masks/tampered_58477.png,train,locally_tampered,False
locally_tampered_tampered_58500,locally_tampered/tampered_58500.jpg,2,locally_tampered_masks/tampered_58500.png,train,locally_tampered,False
locally_tampered_tampered_58529,locally_tampered/tampered_58529.jpg,2,locally_tampered_masks/tampered_58529.png,train,locally_tampered,False
locally_tampered_tampered_58659,locally_tampered/tampered_58659.jpg,2,locally_tampered_masks/tampered_58659.png,test,locally_tampered,False
locally_tampered_tampered_58708,locally_tampered/tampered_58708.jpg,2,locally_tampered_masks/tampered_58708.png,train,locally_tampered,False
locally_tampered_tampered_58819,locally_tampered/tampered_58819.jpg,2,locally_tampered_masks/tampered_58819.png,train,locally_tampered,False
locally_tampered_tampered_58833,locally_tampered/tampered_58833.jpg,2,locally_tampered_masks/tampered_58833.png,train,locally_tampered,False
locally_tampered_tampered_58905,locally_tampered/tampered_58905.jpg,2,locally_tampered_masks/tampered_58905.png,train,locally_tampered,False
locally_tampered_tampered_58924,locally_tampered/tampered_58924.jpg,2,locally_tampered_masks/tampered_58924.png,train,locally_tampered,False
locally_tampered_tampered_58932,locally_tampered/tampered_58932.jpg,2,locally_tampered_masks/tampered_58932.png,train,locally_tampered,False
locally_tampered_tampered_59021,locally_tampered/tampered_59021.jpg,2,locally_tampered_masks/tampered_59021.png,train,locally_tampered,False
locally_tampered_tampered_59081,locally_tampered/tampered_59081.png,2,locally_tampered_masks/tampered_59081.png,train,locally_tampered,False
locally_tampered_tampered_59213,locally_tampered/tampered_59213.jpg,2,locally_tampered_masks/tampered_59213.png,train,locally_tampered,False
locally_tampered_tampered_59214,locally_tampered/tampered_59214.jpg,2,locally_tampered_masks/tampered_59214.png,train,locally_tampered,False
locally_tampered_tampered_59301,locally_tampered/tampered_59301.jpg,2,locally_tampered_masks/tampered_59301.png,val,locally_tampered,False
locally_tampered_tampered_59366,locally_tampered/tampered_59366.jpg,2,locally_tampered_masks/tampered_59366.png,train,locally_tampered,False
locally_tampered_tampered_59506,locally_tampered/tampered_59506.png,2,locally_tampered_masks/tampered_59506.png,train,locally_tampered,False
locally_tampered_tampered_59574,locally_tampered/tampered_59574.jpg,2,locally_tampered_masks/tampered_59574.png,test,locally_tampered,False
locally_tampered_tampered_59677,locally_tampered/tampered_59677.jpg,2,locally_tampered_masks/tampered_59677.png,train,locally_tampered,False
locally_tampered_tampered_59691,locally_tampered/tampered_59691.jpg,2,locally_tampered_masks/tampered_59691.png,train,locally_tampered,False
locally_tampered_tampered_59806,locally_tampered/tampered_59806.jpg,2,locally_tampered_masks/tampered_59806.png,val,locally_tampered,False
locally_tampered_tampered_59935,locally_tampered/tampered_59935.jpg,2,locally_tampered_masks/tampered_59935.png,val,locally_tampered,False
locally_tampered_tampered_60060,locally_tampered/tampered_60060.jpg,2,locally_tampered_masks/tampered_60060.png,val,locally_tampered,False
locally_tampered_tampered_60107,locally_tampered/tampered_60107.jpg,2,locally_tampered_masks/tampered_60107.png,train,locally_tampered,False
locally_tampered_tampered_60248,locally_tampered/tampered_60248.jpg,2,locally_tampered_masks/tampered_60248.png,train,locally_tampered,False
locally_tampered_tampered_60264,locally_tampered/tampered_60264.jpg,2,locally_tampered_masks/tampered_60264.png,val,locally_tampered,False
locally_tampered_tampered_60372,locally_tampered/tampered_60372.jpg,2,locally_tampered_masks/tampered_60372.png,train,locally_tampered,False
locally_tampered_tampered_60467,locally_tampered/tampered_60467.jpg,2,locally_tampered_masks/tampered_60467.png,test,locally_tampered,False
locally_tampered_tampered_60470,locally_tampered/tampered_60470.jpg,2,locally_tampered_masks/tampered_60470.png,train,locally_tampered,False
locally_tampered_tampered_60546,locally_tampered/tampered_60546.jpg,2,locally_tampered_masks/tampered_60546.png,train,locally_tampered,False
locally_tampered_tampered_60621,locally_tampered/tampered_60621.jpg,2,locally_tampered_masks/tampered_60621.png,train,locally_tampered,False
locally_tampered_tampered_60629,locally_tampered/tampered_60629.jpg,2,locally_tampered_masks/tampered_60629.png,train,locally_tampered,False
locally_tampered_tampered_60654,locally_tampered/tampered_60654.jpg,2,locally_tampered_masks/tampered_60654.png,train,locally_tampered,False
locally_tampered_tampered_60662,locally_tampered/tampered_60662.jpg,2,locally_tampered_masks/tampered_60662.png,train,locally_tampered,False
locally_tampered_tampered_60866,locally_tampered/tampered_60866.jpg,2,locally_tampered_masks/tampered_60866.png,train,locally_tampered,False
locally_tampered_tampered_61012,locally_tampered/tampered_61012.jpg,2,locally_tampered_masks/tampered_61012.png,train,locally_tampered,False
locally_tampered_tampered_61077,locally_tampered/tampered_61077.jpg,2,locally_tampered_masks/tampered_61077.png,test,locally_tampered,False
locally_tampered_tampered_61230,locally_tampered/tampered_61230.jpg,2,locally_tampered_masks/tampered_61230.png,train,locally_tampered,False
locally_tampered_tampered_61442,locally_tampered/tampered_61442.jpg,2,locally_tampered_masks/tampered_61442.png,test,locally_tampered,False
locally_tampered_tampered_61609,locally_tampered/tampered_61609.jpg,2,locally_tampered_masks/tampered_61609.png,train,locally_tampered,False
locally_tampered_tampered_61629,locally_tampered/tampered_61629.jpg,2,locally_tampered_masks/tampered_61629.png,train,locally_tampered,False
locally_tampered_tampered_61639,locally_tampered/tampered_61639.jpg,2,locally_tampered_masks/tampered_61639.png,train,locally_tampered,False
locally_tampered_tampered_61701,locally_tampered/tampered_61701.jpg,2,locally_tampered_masks/tampered_61701.png,train,locally_tampered,False
locally_tampered_tampered_61720,locally_tampered/tampered_61720.jpg,2,locally_tampered_masks/tampered_61720.png,train,locally_tampered,False
locally_tampered_tampered_61741,locally_tampered/tampered_61741.jpg,2,locally_tampered_masks/tampered_61741.png,train,locally_tampered,False
locally_tampered_tampered_61750,locally_tampered/tampered_61750.jpg,2,locally_tampered_masks/tampered_61750.png,train,locally_tampered,False
locally_tampered_tampered_61785,locally_tampered/tampered_61785.jpg,2,locally_tampered_masks/tampered_61785.png,val,locally_tampered,False
locally_tampered_tampered_61786,locally_tampered/tampered_61786.png,2,locally_tampered_masks/tampered_61786.png,val,locally_tampered,False
locally_tampered_tampered_61812,locally_tampered/tampered_61812.jpg,2,locally_tampered_masks/tampered_61812.png,val,locally_tampered,False
locally_tampered_tampered_61879,locally_tampered/tampered_61879.jpg,2,locally_tampered_masks/tampered_61879.png,train,locally_tampered,False
locally_tampered_tampered_61894,locally_tampered/tampered_61894.jpg,2,locally_tampered_masks/tampered_61894.png,train,locally_tampered,False
locally_tampered_tampered_61928,locally_tampered/tampered_61928.jpg,2,locally_tampered_masks/tampered_61928.png,test,locally_tampered,False
locally_tampered_tampered_61962,locally_tampered/tampered_61962.jpg,2,locally_tampered_masks/tampered_61962.png,train,locally_tampered,False
locally_tampered_tampered_62006,locally_tampered/tampered_62006.jpg,2,locally_tampered_masks/tampered_62006.png,train,locally_tampered,False
locally_tampered_tampered_62011,locally_tampered/tampered_62011.jpg,2,locally_tampered_masks/tampered_62011.png,train,locally_tampered,False
locally_tampered_tampered_62018,locally_tampered/tampered_62018.jpg,2,locally_tampered_masks/tampered_62018.png,train,locally_tampered,False
locally_tampered_tampered_62093,locally_tampered/tampered_62093.jpg,2,locally_tampered_masks/tampered_62093.png,train,locally_tampered,False
locally_tampered_tampered_62107,locally_tampered/tampered_62107.jpg,2,locally_tampered_masks/tampered_62107.png,train,locally_tampered,False
locally_tampered_tampered_62193,locally_tampered/tampered_62193.jpg,2,locally_tampered_masks/tampered_62193.png,train,locally_tampered,False
locally_tampered_tampered_62209-3,locally_tampered/tampered_62209-3.png,2,locally_tampered_masks/tampered_62209-3.png,train,locally_tampered,False
locally_tampered_tampered_62226,locally_tampered/tampered_62226.jpg,2,locally_tampered_masks/tampered_62226.png,train,locally_tampered,False
locally_tampered_tampered_62250,locally_tampered/tampered_62250.jpg,2,locally_tampered_masks/tampered_62250.png,train,locally_tampered,False
locally_tampered_tampered_62466,locally_tampered/tampered_62466.jpg,2,locally_tampered_masks/tampered_62466.png,train,locally_tampered,False
locally_tampered_tampered_62538,locally_tampered/tampered_62538.jpg,2,locally_tampered_masks/tampered_62538.png,train,locally_tampered,False
locally_tampered_tampered_62573,locally_tampered/tampered_62573.jpg,2,locally_tampered_masks/tampered_62573.png,train,locally_tampered,False
locally_tampered_tampered_62647,locally_tampered/tampered_62647.png,2,locally_tampered_masks/tampered_62647.png,train,locally_tampered,False
locally_tampered_tampered_62675,locally_tampered/tampered_62675.jpg,2,locally_tampered_masks/tampered_62675.png,train,locally_tampered,False
locally_tampered_tampered_62775,locally_tampered/tampered_62775.jpg,2,locally_tampered_masks/tampered_62775.png,train,locally_tampered,False
locally_tampered_tampered_62787,locally_tampered/tampered_62787.jpg,2,locally_tampered_masks/tampered_62787.png,train,locally_tampered,False
locally_tampered_tampered_62873,locally_tampered/tampered_62873.jpg,2,locally_tampered_masks/tampered_62873.png,train,locally_tampered,False
locally_tampered_tampered_62894,locally_tampered/tampered_62894.jpg,2,locally_tampered_masks/tampered_62894.png,test,locally_tampered,False
